Workbook

Sheet Fillout Waung-K results
A1: Submission ID | B1: Last updated | C1: Submission started | D1: Status | E1: Current step | F1: Kode Petugas Pendataan | G1: Tanggal Pendataan | H1: Nama Petugas Pendataan | I1: 1.a. Nama Kepala Keluarga | J1: 1.b. Nomor KK | K1: 1.c. Upload Foto KK | L1: 2. Nama Pemberi Informasi | M1: 3.a. Alamat Domisili | N1: 3.b. RT/RW | O1: 4.a. Apakah alamat tersebut sesuai dengan alamat pada KK? | P1: 4.b. Tuliskan alamat pada KK | Q1: 5. Berapa jumlah KK yang tinggal dalam 1 rumah tempat tinggal | R1: 6. Status kepemilikan bangunan tempat tinggal yang ditempati | S1: 7. Jika tempat tinggal milik sendiri, apa jenis bukti kepemilikan tanah bangunan tempat tinggal ini? | T1: 8. Jika Kontrak/Sewa, berapa nilai kontrak sebulan? | U1: 9.Berapa luas lantai bangunan tempat tinggal | V1: 10.a. Apa bahan bangunan utama lantai rumah terluas? | W1: 10.b. Bagaimana kondisi lantai tersebut? | X1: 11.a. Apa bahan bangunan utama dinding rumah terluas? | Y1: 11.b. Bagaimana kondisi dinding tersebut? | Z1: 12.a. Apa bahan bangunan utama atap rumah terluas? | AA1: 12.b. Bagaimana kondisi atap tersebut? | AB1: 13. Apakah memiliki fasilitas tempat buang air besar, dan siapa saja yang menggunakan? | AC1: 14. Apakah jenis kloset yang digunakan? | AD1: 15. Dimana tempat pembuangan akhir tinja | AE1: 16. Apa sumber air utama yang digunakan keluarga untuk minum? | AF1: 17. Apakah sumber utama penerangan keluarga ini? | AG1: 18.a. Berapa jumlah meteran listrik yang terpasang di rumah ini? | AH1: 18.b.1. Daya yang terpasang pada meteran ke-1? | AI1: 18.b.2. Daya yang terpasang pada meteran ke-2? | AJ1: 18.b.3. Daya yang terpasang pada meteran ke-3? | AK1: 18.b.4. Daya yang terpasang pada meteran ke-4? | AL1: 19. Berapa nilai pengeluaran listrik sebulan? | AM1: 20. Berapa pengeluaran pulsa dan internet seluruh anggota keluarga sebulan? | AN1: 21. a. Foto tampak depan | AO1: 21.b. Foto ruang tamu | AP1: 21.c. Foto kamar mandi | AQ1: 22.a. Tabung gas 3 kg: | AR1: 22.b. Tabung gas 5,5 kg atau lebih: | AS1: 22.c. Lemari es/kulkas: | AT1: 22.d. AC: | AU1: 22.e. Emas/perhiasan: | AV1: 22.f. Komputer/laptop/tablet: | AW1: 22.g. Sepeda: | AX1: 22.h. Sepeda Listrik: | AY1: 22.i. Sepeda motor (jumlah unit): | AZ1: 22.i. Nilai aset sepeda motor (rupiah): | BA1: 22.j. Mobil (jumlah unit): | BB1: 22.j. Nilai aset mobil (rupiah): | BC1: 23.a. Jumlah lahan lain (selain yang ditempati): | BD1: 23.a. Total nilai harga jual lahan di tempat lain(selain yang ditempati): | BE1: 23.b. Jumlah rumah/bangunan di tempat lain (selain yang ditempati): | BF1: 23.b. Total nilai harga jual rumah/bangunan di tempat lain (selain yang ditempati): | BG1: Daftar Anggota Keluarga | BH1: Petugas | BI1: Errors | BJ1: Url | BK1: Network ID
A2: 309290ac-eb18-42f8-b1ec-7ad01889f7da | B2: Tue May 12 2026 09:29:00 GMT+0700 (Western Indonesia Time) | C2: Mon May 11 2026 10:21:00 GMT+0700 (Western Indonesia Time) | D2: finished | E2: Ending | F2: 105 | G2: 2026-05-11 | H2: WAHYUNI DWI SUSANTI | I2: Agus Sidik Haryono | J2: 3515032501097221 | K2: https://prod-fillout-oregon-s3.s3.us-west-2.amazonaws.com/orgid-431168/flowpublicid-kdFWQQWTckus/fbcf3180-3ccd-4103-9260-2a85d4907a69-l9kkn1OKqWDHpcrwpkNgpzMFUoXG7PzoEYq3L4rJuNYwrdUU3jEkrDnvhna1jOWKN48YbA2Stf2VliFBUv71Aqv1kdAQQIoPfsh/Screenshot_20260511_103503_CamScanner.jpg | L2: Agus Sidik Haryono | M2: Waung | N2: RT 005 RW 003 | O2: 1 | Q2: 3 | R2: 1 | S2: 1 | U2: 120 | V2: 2 | W2: 1 | X2: 1 | Y2: 1 | Z2: 2 | AA2: 1 | AB2: 1 | AC2: 1 | AD2: 1 | AE2: 7 | AF2: 1 | AG2: 1 | AH2: 2 | AL2: 300 | AM2: 260 | AN2: https://prod-fillout-oregon-s3.s3.us-west-2.amazonaws.com/orgid-431168/flowpublicid-kdFWQQWTckus/60506c94-d4c1-4637-8d00-ccae91ef02ca-5U8nsgeoeaSOoW60DaSKiRExhIbVd2od9WII6wy0j2CgKMW8U6Aa9PiOsJLPo2B5KNwcAEq4RLg17yKfYduFBH5um79KD37UB9R/1001028717.jpg | AO2: https://prod-fillout-oregon-s3.s3.us-west-2.amazonaws.com/orgid-431168/flowpublicid-kdFWQQWTckus/0dc04d2b-dcb7-4131-abdc-51f41998e44e-xrCyjw0Mqb0qJta3NDTZsqkSRG31ubHhMB8Z9CoQfKaDLmjtfFMUFsTAZ95sqEGJ5lPkuCchqsGCaotCCpPixCN2yUZhQWpSe3c/1001028718.jpg | AP2: https://prod-fillout-oregon-s3.s3.us-west-2.amazonaws.com/orgid-431168/flowpublicid-kdFWQQWTckus/ba13d00d-a355-4d48-96d9-22de9cddb055-rftYmOJqWQAALzRZcZUhfV3oMkmy4VVhERlzb7PnGXEwPbuS7x5GaDIylGFimp8dQSDdaQrF0aBOgai86g0hYfEZgPTErPcYDTy/1000659110.jpg | AQ2: 2 | AR2: 0 | AS2: 1 | AT2: 1 | AU2: 35 | AV2: 2 | AW2: 1 | AX2: 0 | AY2: 3 | AZ2: 50000000 | BA2: 0 | BC2: 1 | BD2: 118000000 | BE2: 0 | BG2: Agus Sidik Haryono, Wahyuni Dwi Susanti, Aidah Shafira Prameswari Ramadhani | BH2: WAHYUNI DWI SUSANTI | BI2: None | BJ2: https://build.fillout.com/editor/kdFWQQWTckus/results?sessionId=309290ac-eb18-42f8-b1ec-7ad01889f7da | BK2: 61b9663efa370e4b56167c9100933d80
A3: 22c643b1-424d-47ef-9e8e-a16ab270271f | B3: Tue May 12 2026 11:18:00 GMT+0700 (Western Indonesia Time) | C3: Tue May 12 2026 10:54:00 GMT+0700 (Western Indonesia Time) | D3: finished | E3: Ending | F3: 110 | G3: 2026-05-12 | H3: NURUL AKHADIAH | I3: Daryono | J3: 3515031001093587 | K3: https://prod-fillout-oregon-s3.s3.us-west-2.amazonaws.com/orgid-431168/flowpublicid-kdFWQQWTckus/1dc8d6a3-e982-48ca-bdbe-2fd1aef7a5b0-ShE259Pzkor3TwkVuZiUIMvaJDBJd5210tGEOqbwAGdeXjIuwNxaUZUYD6DOzmLUieTkugqOnL7YxbEe0YsoUxFLGtTQKVtpAFS/17785581013454865813691413064330.jpg | L3: Daryono | M3: Waung | N3: RT 010 RW 005 | O3: 1 | Q3: 1 | R3: 1 | S3: 1 | U3: 105 | V3: 2 | W3: 1 | X3: 1 | Y3: 1 | Z3: 2 | AA3: 1 | AB3: 1 | AC3: 1 | AD3: 1 | AE3: 7 | AF3: 1 | AG3: 1 | AH3: 2 | AL3: 250000 | AM3: 150000 | AN3: https://prod-fillout-oregon-s3.s3.us-west-2.amazonaws.com/orgid-431168/flowpublicid-kdFWQQWTckus/28eaf588-24bc-4524-ac3f-6cd9df7ed58f-Uz7g3ZJw7oxeZxV4ltECDi7dm4wD39ltJpRXcwp8YUNZl3ZBoJzMggyTrZZqV5pVfoY0oY93q1arrvUtj8CyT8teuyAtTU0J0KE/IMG-20260512-WA0006.jpg | AO3: https://prod-fillout-oregon-s3.s3.us-west-2.amazonaws.com/orgid-431168/flowpublicid-kdFWQQWTckus/fa57d75e-8c60-47d2-b0f0-21c7c111c95e-GrRgGQcdeiuBL2SjRspw6XCC7rqFzPCrNSg8OaUGuyYkPJ8fvAk8DsUjnbkjfkrG8WZNAoXnRqwpWCMsnUzEFC3vvDuclx0Vs4L/IMG-20260512-WA0008.jpg | AP3: https://prod-fillout-oregon-s3.s3.us-west-2.amazonaws.com/orgid-431168/flowpublicid-kdFWQQWTckus/542ac3b6-6d2f-482e-a36b-d7bb62e2c1aa-tYOnW4uixIFwL7OHEc7SoUzFtjTCpoKyz2s9g8rmFyNDQ9mE4gKbVPB1Mne9BLmm12KyYLiBpMN46sp8tmXoTSPFDjvm5vr8hOZ/IMG-20260512-WA0009.jpg | AQ3: 2 | AR3: 0 | AS3: 2 | AT3: 1 | AU3: 5 | AV3: 0 | AW3: 1 | AX3: 0 | AY3: 3 | AZ3: 20000000 | BA3: 1 | BB3: 90000000 | BC3: 1 | BD3: 6000000 | BE3: 1 | BF3: 350000000 | BG3: Daryono, Edy suharyati, Andin hanifah | BH3: NURUL AKHADIAH | BI3: None | BJ3: https://build.fillout.com/editor/kdFWQQWTckus/results?sessionId=22c643b1-424d-47ef-9e8e-a16ab270271f | BK3: 1028106c5ab47512ef62b3ecf421cd9b
A4: 67ebbfb1-5b72-4dfb-9747-aa619cb9dd84 | B4: Tue May 12 2026 11:25:00 GMT+0700 (Western Indonesia Time) | C4: Mon May 11 2026 15:45:00 GMT+0700 (Western Indonesia Time) | D4: finished | E4: Ending | F4: 106 | G4: 2026-05-12 | H4: SRI SUTARMI | I4: Prayit | J4: 3515032501097202 | K4: https://prod-fillout-oregon-s3.s3.us-west-2.amazonaws.com/orgid-431168/flowpublicid-kdFWQQWTckus/75917fb9-df1e-40fc-91dd-d640230403fe-YvxL93MI8Tud0MVi35PhebjLpuV4VbaQGhmQTuqHcOIJT7LQm12xziWFuvJIJrgJmtE5lozXuzJTGOqgbLax6kTOBIujOpxh394/IMG-20260303-WA0061.jpg | L4: Sri sutarmi | M4: Waung | N4: RT 006 RW 003 | O4: 1 | Q4: 1 | R4: 1 | S4: 1 | U4: 60 | V4: 2 | W4: 1 | X4: 1 | Y4: 1 | Z4: 2 | AA4: 1 | AB4: 1 | AC4: 1 | AD4: 1 | AE4: 7 | AF4: 1 | AG4: 1 | AH4: 2 | AL4: 160000 | AM4: 200000 | AN4: https://prod-fillout-oregon-s3.s3.us-west-2.amazonaws.com/orgid-431168/flowpublicid-kdFWQQWTckus/2c6d3f92-620f-44b7-9b4a-11b1ff2db043-1FUjktX3W71JZkKvYfbNcpVAmnV0e6TZ30CFlkG0JyMjrWjoWBQhspeXTrnJcXFAP4GoQFXXRNbelsy6mF8jOwMyJ726TYpuH9r/Screenshot_20260511-144052_Gallery.jpg | AO4: https://prod-fillout-oregon-s3.s3.us-west-2.amazonaws.com/orgid-431168/flowpublicid-kdFWQQWTckus/eef78fca-d6a8-47c9-b9e7-1b2301263ff4-uB1zUTTrRccQxjD0AqnyxIDgtqL7LfG2f7P1fTe7Sfikge9AocoAr4co9vKQl68h42N0GKhk8BpudWJTigadvzmlqybkcuj9dXf/Screenshot_20260511-144058_Gallery.jpg | AP4: https://prod-fillout-oregon-s3.s3.us-west-2.amazonaws.com/orgid-431168/flowpublicid-kdFWQQWTckus/333a5b45-4630-4e00-91bb-cf0def8b918e-4v6Q23y1ThwElJQz24NT3jMbYDmMLl3j7sCbwO9rCXfECNJeVmXq08bPR60Y4RJOUi29i0NtK3DXTuVXCsAIbnjlJ60Y7XMiD2D/Screenshot_20260511-144103_Gallery.jpg | AQ4: 2 | AR4: 0 | AS4: 1 | AT4: 0 | AU4: 5 | AV4: 1 | AW4: 1 | AX4: 0 | AY4: 2 | AZ4: 15000000 | BA4: 1 | BB4: 20000000 | BC4: 0 | BE4: 0 | BG4: Prayit, Sri sutarmi, Hanna rizky maulidyah, Tadjudin widyo kunjoro | BH4: SRI SUTARMI | BI4: None | BJ4: https://build.fillout.com/editor/kdFWQQWTckus/results?sessionId=67ebbfb1-5b72-4dfb-9747-aa619cb9dd84 | BK4: d93bf55e76226109d2e67b42efed5d04
A5: 3c794c0d-e62b-4535-b0c8-3832f8a8da6c | B5: Tue May 12 2026 12:03:00 GMT+0700 (Western Indonesia Time) | C5: Mon May 11 2026 10:18:00 GMT+0700 (Western Indonesia Time) | D5: finished | E5: Ending | F5: 103 | G5: 2026-05-11 | H5: RINI WIJAYA | I5: Harry Sulistiawan | J5: 3515032203100001 | K5: https://prod-fillout-oregon-s3.s3.us-west-2.amazonaws.com/orgid-431168/flowpublicid-kdFWQQWTckus/90f4560a-c7c8-4945-8f9e-f77eb110f4a3-sbdH6chIqGj7eDpl345PA256ZeUr2hhYqoPpsw0nHReZDwuzFRRbmWnXDJxliwKp7e5htx8kPj82o8SMqZYEBwENu2z8OdHDNO6/1710a355-42fd-4c47-a4b1-aba450f59315.jpg | L5: Harry Sulistiawan | M5: Waung | N5: RT 003 RW 002 | O5: 1 | Q5: 1 | R5: 1 | S5: 1 | U5: 100 | V5: 2 | W5: 1 | X5: 1 | Y5: 1 | Z5: 1 | AA5: 1 | AB5: 1 | AC5: 1 | AD5: 1 | AE5: 2 | AF5: 1 | AG5: 1 | AH5: 2 | AL5: 400 | AM5: 100 | AN5: https://prod-fillout-oregon-s3.s3.us-west-2.amazonaws.com/orgid-431168/flowpublicid-kdFWQQWTckus/696fd6f8-3be0-4d4f-890e-275d484c278c-wVVE215nqbbtZB3k3MG3aRdNl0W3kNF1dHa78UStMQ59kJobPXV4hpkv9H0uNM3UzRyQc45VgHol749d5caXSkLZZs9ZhFcALL8/36baeec2-4e84-4571-b0c9-362ba2f9b62b.jpg | AO5: https://prod-fillout-oregon-s3.s3.us-west-2.amazonaws.com/orgid-431168/flowpublicid-kdFWQQWTckus/1e6f9e25-79c6-491e-9dc1-21bb03c7a007-JxcbSsQ5aH0B4JKoi1owdLZPmAbQPBkkeIr6FQD03GcIPlCvMDXCwGjExf8Sx5sIIGKQFoTa6HvPWsi3v8STlSO7dY1RhYRrKWn/7a99c306-9209-4847-a448-2aaeb98a726e.jpg | AP5: https://prod-fillout-oregon-s3.s3.us-west-2.amazonaws.com/orgid-431168/flowpublicid-kdFWQQWTckus/abe90ebb-4519-4ed3-8c80-ba495697ff90-NYbWnCmv3AFKmYYMe32HEibV3FdyaY9CutPqC10vpA0PoOCO2rJRfUJfPXGCLwTcstVWlD3ow8robMTd5wrITZ1ktXCL4Con6oN/6329982d-8adc-4c9f-8c4b-2d7d0ee305a9.jpg | AQ5: 4 | AR5: 3 | AS5: 1 | AT5: 0 | AU5: 1 | AV5: 0 | AW5: 0 | AX5: 0 | AY5: 3 | AZ5: 10 | BA5: 1 | BB5: 50 | BC5: 0 | BE5: 0 | BG5: Rini wijaya , Melati mutia harin, Elvina Carrisa Harin, Harry Sulistiawan | BH5: RINI WIJAYA | BI5: None | BJ5: https://build.fillout.com/editor/kdFWQQWTckus/results?sessionId=3c794c0d-e62b-4535-b0c8-3832f8a8da6c | BK5: d93bf55e76226109d2e67b42efed5d04
A6: 8bc6f396-7321-49c9-b399-172a13b51254 | B6: Tue May 12 2026 12:09:00 GMT+0700 (Western Indonesia Time) | C6: Tue May 12 2026 10:13:00 GMT+0700 (Western Indonesia Time) | D6: finished | E6: Ending | F6: 105 | G6: 2026-05-12 | H6: WAHYUNI DWI SUSANTI | I6: Sukartin | J6: 3515032504240007 | K6: https://prod-fillout-oregon-s3.s3.us-west-2.amazonaws.com/orgid-431168/flowpublicid-kdFWQQWTckus/29c4fa1a-b3ca-4f2c-abd5-dc1670da4614-CRYTzWfRuPJDy2xANbMcLE5CqAQmoain4FavwhGGDdxE4pMpW06jRpNKVY37aJx4LLggCaeqhxDhtAbi0ukTc8dwwl76ZNvOdks/Screenshot_20260512_080419_WPS-Office.jpg | L6: Sukartin | M6: Waung | N6: RT 005 RW 003 | O6: 1 | Q6: 1 | R6: 1 | S6: 1 | U6: 110 | V6: 2 | W6: 1 | X6: 1 | Y6: 1 | Z6: 2 | AA6: 1 | AB6: 1 | AC6: 1 | AD6: 1 | AE6: 7 | AF6: 1 | AG6: 1 | AH6: 2 | AL6: 150000 | AM6: 0 | AN6: https://prod-fillout-oregon-s3.s3.us-west-2.amazonaws.com/orgid-431168/flowpublicid-kdFWQQWTckus/2d633fce-f37a-4504-9807-f490387dbec7-a2lXcVfmEFtncWsB87x0Xbtnmzv7TMFW91DfBgmEnJ5NS6JounVXQy5YiEQ9zS0wR1RxmV1TiSd8zFIRJM3CL8mnhi3IR6O3Gpp/1001029957.jpg | AO6: https://prod-fillout-oregon-s3.s3.us-west-2.amazonaws.com/orgid-431168/flowpublicid-kdFWQQWTckus/fdecadc3-d0d3-4330-a4a1-91cfb6e02065-vv8A7tfSHBOGMRUP2h2KtA48Y0HN3jYdDS6QrHLatsWPrCrr6w3TnVGqx9rzPsU0w5NTEIaA0gVsJWrp0Rhu5vHJ5AJVfYX2bQ9/1001030012.jpg | AP6: https://prod-fillout-oregon-s3.s3.us-west-2.amazonaws.com/orgid-431168/flowpublicid-kdFWQQWTckus/bc55be35-8038-40f4-a459-db0b17865db5-XJeLkNG1jXeun5FZcadKklWsuKscHcBnvfHzbkAkTpbtN7BTDp9yo8DmDa7gYostigeJeQ5w4wTsnMDX6JJdIVo4Ko6CDz4hSBv/1001030125.jpg | AQ6: 2 | AR6: 0 | AS6: 1 | AT6: 0 | AU6: 6 | AV6: 0 | AW6: 1 | AX6: 0 | AY6: 0 | BA6: 0 | BC6: 0 | BE6: 0 | BG6: Sukartin | BH6: WAHYUNI DWI SUSANTI | BI6: None | BJ6: https://build.fillout.com/editor/kdFWQQWTckus/results?sessionId=8bc6f396-7321-49c9-b399-172a13b51254 | BK6: e2e09caa8dce38633385a5c792cea6ab
A7: b780e335-8449-4a82-8d16-7cb21088a652 | B7: Tue May 12 2026 12:30:00 GMT+0700 (Western Indonesia Time) | C7: Tue May 12 2026 11:54:00 GMT+0700 (Western Indonesia Time) | D7: finished | E7: Ending | F7: 106 | G7: 2026-05-12 | H7: SRI SUTARMI | I7: Hadi santoso | J7: 3515030511140002 | K7: https://prod-fillout-oregon-s3.s3.us-west-2.amazonaws.com/orgid-431168/flowpublicid-kdFWQQWTckus/a5c544d6-b0db-41b8-b3c2-fd35517e2c68-yHcZjI2rrySK0aG1pFDZfBNIRNI2uMaAWFrYKMXEWd02I5s6wJqzdvITNc2XW1C3O8wQ1ZClg427o2cpBhLwBLN29g5ngdxxETx/Screenshot_20260512-114920_Gallery.jpg | L7: Lailil ma'rufah | M7: Waung | N7: RT 006 RW 003 | O7: 1 | Q7: 2 | R7: 1 | S7: 1 | U7: 75 | V7: 2 | W7: 1 | X7: 1 | Y7: 1 | Z7: 2 | AA7: 1 | AB7: 1 | AC7: 1 | AD7: 1 | AE7: 7 | AF7: 1 | AG7: 1 | AH7: 2 | AL7: 350000 | AM7: 300000 | AN7: https://prod-fillout-oregon-s3.s3.us-west-2.amazonaws.com/orgid-431168/flowpublicid-kdFWQQWTckus/1e20b4dc-6265-492f-b32a-ade17f0b4d60-2Jngqykfx4zCqyusvnxYdfHeZzGFPPlB8o6mCSIKc4sOY6hGHB9P0PsOESpgBvZJGbmXIiAlcqtVwvV9BTiUHaeZDVYR3ymPWsk/Screenshot_20260512-115044_Gallery.jpg | AO7: https://prod-fillout-oregon-s3.s3.us-west-2.amazonaws.com/orgid-431168/flowpublicid-kdFWQQWTckus/522927bb-0003-4cb6-8a42-d95ac5118b35-jO93GGN5R6nULKjJna1oFt0vOcL3r73bmR6iY12U9aSdwpKpDzy7PDKc5M9XSPIZTIon4CGUxHctmej82ME7srbgB7246gfK3sH/Screenshot_20260512-114934_Gallery.jpg | AP7: https://prod-fillout-oregon-s3.s3.us-west-2.amazonaws.com/orgid-431168/flowpublicid-kdFWQQWTckus/b734096f-af2f-4d11-9f5b-ceb77a77d584-gDFzaNDDlTbANzM163d5pGl9FfcWvGY4cdISpfKvEBeiPgchTEgVwWz5VaJMB5MshnVJyth2KFteQRKMjsEKKlkk5kZjvJRgcTq/Screenshot_20260512-114951_Gallery.jpg | AQ7: 2 | AR7: 0 | AS7: 1 | AT7: 0 | AU7: 5 | AV7: 2 | AW7: 4 | AX7: 0 | AY7: 2 | AZ7: 25000000 | BA7: 1 | BB7: 200000000 | BC7: 0 | BE7: 0 | BG7: Hadi santoso, Lailil ma"rufah, Alkalifi Dzakwan Hadi, Pradipta rizkie hadi | BH7: SRI SUTARMI | BI7: None | BJ7: https://build.fillout.com/editor/kdFWQQWTckus/results?sessionId=b780e335-8449-4a82-8d16-7cb21088a652 | BK7: d93bf55e76226109d2e67b42efed5d04
A8: 2dcbc864-50e8-4317-97ff-3bfa925cfee1 | B8: Tue May 12 2026 12:57:00 GMT+0700 (Western Indonesia Time) | C8: Tue May 12 2026 09:40:00 GMT+0700 (Western Indonesia Time) | D8: finished | E8: Ending | F8: 107 | G8: 2026-05-12 | H8: SRI WINARTI | I8: Misdi Fradman | J8: 3515061306760004 | K8: https://prod-fillout-oregon-s3.s3.us-west-2.amazonaws.com/orgid-431168/flowpublicid-kdFWQQWTckus/e55568f5-20c6-4327-92e6-174da2c05158-GcZ9Pv8dXXz7OfGnMXrOjFvB5SbOVzbf23Q4rlC3K7g1CKxpjWU9NZvHWfY8Ujo5LQfRQXNv0xXFZxTvfHupRI1Ole0qmSND3q8/IMG-20260512-WA0050.jpg | L8: Kariani | M8: Waung | N8: RT 007 RW 004 | O8: 1 | Q8: 1 | R8: 1 | S8: 1 | U8: 80 | V8: 2 | W8: 1 | X8: 1 | Y8: 1 | Z8: 2 | AA8: 2 | AB8: 1 | AC8: 1 | AD8: 1 | AE8: 7 | AF8: 1 | AG8: 1 | AH8: 1 | AL8: 100 | AM8: 130 | AN8: https://prod-fillout-oregon-s3.s3.us-west-2.amazonaws.com/orgid-431168/flowpublicid-kdFWQQWTckus/c8c05774-ba7f-40a1-9d8e-ef80d80b9dc8-Os8QWJowc4HwXy6WAORaZNvdz0PGTo3qmfA7wJKlNzTiyiLjuJcwuZxMjWGTbMz9DgwIaF7rbl60jy3aGgM1CCHDaa06romBLNq/1000421731.jpg | AO8: https://prod-fillout-oregon-s3.s3.us-west-2.amazonaws.com/orgid-431168/flowpublicid-kdFWQQWTckus/d4002146-882d-42b0-8724-3a11faca76e2-U6G8lBdfkp7CNKBthKHCPKUUa4SMK3JDzCb90Et5QVyqbDqVgkB5ZzrvJ0Vikn5rjpk8o07ENNVIEalNoKBomz9a0yD3j3oTgeJ/1000421766.jpg | AP8: https://prod-fillout-oregon-s3.s3.us-west-2.amazonaws.com/orgid-431168/flowpublicid-kdFWQQWTckus/c3bda370-2a99-48cd-a918-6101b8ff47e5-18jcpPUUeNwytjKROqaZwtv18kM3SgqYT7kqfD7IwkGn9TD2oac89ZrzWggvINAc47SaqhJIdws4MSGrUjeGA1dC5BBQl1rUvST/1000421771.jpg | AQ8: 3 | AR8: 0 | AS8: 1 | AT8: 0 | AU8: 500 | AV8: 0 | AW8: 1 | AX8: 0 | AY8: 3 | AZ8: 18000000 | BA8: 0 | BC8: 0 | BE8: 0 | BG8: Misdi Fradman, Kariani, Akhmat Putra Dedi Setiawan | BH8: SRI WINARTI | BI8: None | BJ8: https://build.fillout.com/editor/kdFWQQWTckus/results?sessionId=2dcbc864-50e8-4317-97ff-3bfa925cfee1 | BK8: 2ed216414a105846b4520f43e8c94ae1
A9: a2410a34-468f-4982-ae3c-246d1b52c7b4 | B9: Tue May 12 2026 13:02:00 GMT+0700 (Western Indonesia Time) | C9: Tue May 12 2026 12:10:00 GMT+0700 (Western Indonesia Time) | D9: finished | E9: Ending | F9: 105 | G9: 2026-05-12 | H9: WAHYUNI DWI SUSANTI | I9: Jonianto | J9: 3515032501097260 | K9: https://prod-fillout-oregon-s3.s3.us-west-2.amazonaws.com/orgid-431168/flowpublicid-kdFWQQWTckus/ecb5d3d9-1417-4afb-a0b7-23649396bd4f-AGXzYA5KNhYfjDXJUEIvtTyf4OFzUzEwVrYhtz5eVBaLdw8jK3t8oKRElVYUdhv6BQRkDPHDecpd3JPpyfvAecLacWn71X3q00H/Screenshot_20260512_122045_CamScanner.jpg | L9: Dian Mita Midariyanti | M9: Waung | N9: RT 005 RW 003 | O9: 1 | Q9: 4 | R9: 1 | S9: 1 | U9: 120 | V9: 2 | W9: 1 | X9: 1 | Y9: 1 | Z9: 2 | AA9: 1 | AB9: 1 | AC9: 1 | AD9: 1 | AE9: 7 | AF9: 1 | AG9: 1 | AH9: 2 | AL9: 250 | AM9: 300 | AN9: https://prod-fillout-oregon-s3.s3.us-west-2.amazonaws.com/orgid-431168/flowpublicid-kdFWQQWTckus/60c9569f-f3a6-4d02-8712-dce566086dd3-90ERRGbl9xtV4H1KoEGOil2HxUcMIUuMIxAHq3YFBjh4WKHukyGSdcEPdFylVM8QuroC9HiTKAUSEArAdjBxzWSaHGt2IaI4uYa/1001030251.jpg | AO9: https://prod-fillout-oregon-s3.s3.us-west-2.amazonaws.com/orgid-431168/flowpublicid-kdFWQQWTckus/d2f8faf0-6f09-4701-ad25-356f95bb067b-saXmzBExD97toeUdSDFbT6E5ZKEwKYkt8JCTTgohi0CNlXJOJ4QNE04BB4Gx0reyysqM0wpF9ru5gqMtwbSHyQDpzyZHjsah6xL/1001030252.jpg | AP9: https://prod-fillout-oregon-s3.s3.us-west-2.amazonaws.com/orgid-431168/flowpublicid-kdFWQQWTckus/77870da9-57eb-478e-9ad1-f6c4ceb26bef-hIAVuehXR6nrFxjeIO4sstCLO3qjNF5cJ6urr8Afj4E5Vq8B6hwPvfRbfMRCsTlnYIahvisGuFfkI1K1YjUNrZqmjSEwAbdj0zv/1001030255.jpg | AQ9: 3 | AR9: 0 | AS9: 1 | AT9: 0 | AU9: 3 | AV9: 0 | AW9: 1 | AX9: 1 | AY9: 3 | AZ9: 35000000 | BA9: 0 | BC9: 0 | BE9: 0 | BG9: Jonianto, Dian Mita Midariyanti, Sandy Pratama Febrianto, Noval Ibnu Hafids | BH9: WAHYUNI DWI SUSANTI | BI9: None | BJ9: https://build.fillout.com/editor/kdFWQQWTckus/results?sessionId=a2410a34-468f-4982-ae3c-246d1b52c7b4 | BK9: e2e09caa8dce38633385a5c792cea6ab
A10: a1a42507-5a1b-454d-b792-d078fec97818 | B10: Tue May 12 2026 13:11:00 GMT+0700 (Western Indonesia Time) | C10: Tue May 12 2026 12:33:00 GMT+0700 (Western Indonesia Time) | D10: finished | E10: Ending | F10: 106 | G10: 2026-05-12 | H10: SRI SUTARMI | I10: Sutiani | J10: 3515030702220007 | K10: https://prod-fillout-oregon-s3.s3.us-west-2.amazonaws.com/orgid-431168/flowpublicid-kdFWQQWTckus/745280cb-cfbe-4bf8-b611-2a40107fc5c5-y9BFWL5IKyJBIt6ZxnqikQOdOtkhKyscKj66pRPg7Vt2E35zhzzYI7aSYZARsCTr0g3yFuxJJqNyZTaMijYBzstxyjoE44XYHc6/Screenshot_20260512-114755_Gallery.jpg | L10: Lailil ma'rufah | M10: Waung | N10: RT 006 RW 003 | O10: 1 | Q10: 2 | R10: Ikut anak | U10: 5 | V10: 2 | W10: 1 | X10: 1 | Y10: 1 | Z10: 2 | AA10: 1 | AB10: 1 | AC10: 1 | AD10: 1 | AE10: 7 | AF10: 1 | AG10: 1 | AH10: 2 | AL10: 0 | AM10: 0 | AN10: https://prod-fillout-oregon-s3.s3.us-west-2.amazonaws.com/orgid-431168/flowpublicid-kdFWQQWTckus/b4d02a4f-07b5-4870-aa75-65f69719a576-6UGboCSMXARL5U8NGFC5BTmlhHhk4p9pedIYxPv7g82lR5okWanazpcHCM7V9gxdkTSNfHhGpqt22TwJR3EoMEz93ZLgZ336ECB/Screenshot_20260512-115044_Gallery.jpg | AO10: https://prod-fillout-oregon-s3.s3.us-west-2.amazonaws.com/orgid-431168/flowpublicid-kdFWQQWTckus/7b28ad10-f67f-4fb4-b96a-6cbb2421c8ce-g5vDQEWKYsaTQkTzsmjOZuC3PiSTKWXy0dLfWGHXd2KoGv6gDIlerzVnCwfXvEk72OgtAQwSWqTzoJ2i4uSUwGzTEEfxg1KaFlt/Screenshot_20260512-114934_Gallery.jpg | AP10: https://prod-fillout-oregon-s3.s3.us-west-2.amazonaws.com/orgid-431168/flowpublicid-kdFWQQWTckus/2544f813-b702-43b2-b225-f5e948bd846b-EjLKNHwJAcm1wqqdlaMi0yjgXkUQKTJKHMKLQd94SrpX13hni4ejQBb5IpSD3XNSqVmnPMRWxmbRyjr9VGxspv6sZjMDvRJPAcf/Screenshot_20260512-114951_Gallery.jpg | AQ10: 0 | AR10: 0 | AS10: 0 | AT10: 0 | AU10: 2 | AV10: 0 | AW10: 0 | AX10: 0 | AY10: 0 | BA10: 0 | BC10: 2000 | BD10: 120000000 | BE10: 0 | BG10: Sutiani | BH10: SRI SUTARMI | BI10: None | BJ10: https://build.fillout.com/editor/kdFWQQWTckus/results?sessionId=a1a42507-5a1b-454d-b792-d078fec97818 | BK10: d93bf55e76226109d2e67b42efed5d04
A11: 6566585d-8eb1-460c-be94-4d4c66c435fc | B11: Tue May 12 2026 16:58:00 GMT+0700 (Western Indonesia Time) | C11: Tue May 12 2026 16:25:00 GMT+0700 (Western Indonesia Time) | D11: finished | E11: Ending | F11: 106 | G11: 2026-05-12 | H11: SRI SUTARMI | I11: Mohammad yasir | J11: 3515031602110001 | K11: https://prod-fillout-oregon-s3.s3.us-west-2.amazonaws.com/orgid-431168/flowpublicid-kdFWQQWTckus/89bb91ef-795c-47cf-b41d-693738f21226-DioHafDaplhl0aaULq09eYeySXR9INQ6STsSUhbyH1L8HY3JaAbSV2fQHxU7SUKVWGDTPCVrdXjyy4UwTFiWR3gffxjBzAmls2d/Screenshot_20260512-162356_WhatsApp.jpg | L11: Fitriyah | M11: Waung | N11: RT 006 RW 003 | O11: 1 | Q11: 1 | R11: Ikut orang tua | U11: 60 | V11: 2 | W11: 1 | X11: 1 | Y11: 1 | Z11: 2 | AA11: 1 | AB11: 1 | AC11: 1 | AD11: 1 | AE11: 2 | AF11: 1 | AG11: 1 | AH11: 2 | AL11: 100000 | AM11: 150000 | AN11: https://prod-fillout-oregon-s3.s3.us-west-2.amazonaws.com/orgid-431168/flowpublicid-kdFWQQWTckus/d33d02e6-5c1f-4ca2-bc93-5f5ac4291315-NaJ784y1BFVgLMINUhpXVuaxYN09VaBFa1blb7hL3cyX6EWk3JKImW6e73xGC6z38YWSDlB9WfVXWzAAlpWl8T4Eq28SN04BrdT/Screenshot_20260512-162127_Gallery.jpg | AO11: https://prod-fillout-oregon-s3.s3.us-west-2.amazonaws.com/orgid-431168/flowpublicid-kdFWQQWTckus/26c3113f-0132-45b6-87c1-8a239c7769fc-qWZ2HNaWPIAflM0IfkbKoc1SZFVtLgzijseCEdPCdazAXEHgFPQwMUjqxIE0xYH79IH1nJBnc7hQXDWDwxsc86our4TldOwdeMS/Screenshot_20260512-162121_Gallery.jpg | AP11: https://prod-fillout-oregon-s3.s3.us-west-2.amazonaws.com/orgid-431168/flowpublicid-kdFWQQWTckus/d68b9355-e28a-4853-ae4e-7aa4a6595f82-BRlkUDUQlzXu9JR1f8lqsSdOOGLNEOLTg1hjazTVUkVcyfX2ZSCEYB5Execa3N5gDoLdXwqCQuJdp85DsQCBjRXz1eXXBXPfNbM/Screenshot_20260512-162114_Gallery.jpg | AQ11: 1 | AR11: 0 | AS11: 1 | AT11: 0 | AU11: 10 | AV11: 1 | AW11: 0 | AX11: 0 | AY11: 2 | AZ11: 25000000 | BA11: 1 | BB11: 150000000 | BC11: 1 | BD11: 120000000 | BE11: 0 | BG11: Mohammad yasir, Fitriyah, Rasyadrasendriya | BH11: SRI SUTARMI | BI11: None | BJ11: https://build.fillout.com/editor/kdFWQQWTckus/results?sessionId=6566585d-8eb1-460c-be94-4d4c66c435fc | BK11: 277e7c0f86c622770d27a4448b7a1a7c
A12: 7ec335dc-4ca3-4775-aa54-12c7f9a7b0e4 | B12: Tue May 12 2026 18:06:00 GMT+0700 (Western Indonesia Time) | C12: Tue May 12 2026 16:42:00 GMT+0700 (Western Indonesia Time) | D12: finished | E12: Ending | F12: 101 | G12: 2026-05-12 | H12: NABILAH MUAZAROH MOCHTAR | I12: Dava narta yudha | J12: 3515031311240003 | K12: https://prod-fillout-oregon-s3.s3.us-west-2.amazonaws.com/orgid-431168/flowpublicid-kdFWQQWTckus/62bcffef-19ed-4535-bae4-6fdf43b66258-QUP2qrbVQQTz7F6sjqEhJZOGGZCa1F5Hy8XsoKO4PlIW1nZfTx8qC0QtOmbWry2z9Oya6cKJMkybxLB1rWQt6cp5Wn5pimFTh2s/WA_1778578498653.jpg | L12: Dava narta yudha | M12: Waung utara | N12: RT 001 RW 001 | O12: 1 | Q12: 2 | R12: 3 | U12: 140 | V12: 6 | W12: 1 | X12: 1 | Y12: 1 | Z12: 2 | AA12: 1 | AB12: 1 | AC12: 3 | AD12: 1 | AE12: 1 | AF12: 1 | AG12: 2200 | AH12: 3 | AI12: 3 | AJ12: 3 | AK12: 3 | AL12: 100000 | AM12: 50000 | AN12: https://prod-fillout-oregon-s3.s3.us-west-2.amazonaws.com/orgid-431168/flowpublicid-kdFWQQWTckus/56d7414a-b52b-4109-b7d4-9ca43dcecf53-1zKox9xzWcQQwVvByP3LVsAV7xyF2t4ByfC3NowHI7PQ4zYvJhaeYYfof3i8uQbG8t6YVUXX6zucwKTotxWDL1tSsm8XnyhckrE/WA_1778579433880.jpg | AO12: https://prod-fillout-oregon-s3.s3.us-west-2.amazonaws.com/orgid-431168/flowpublicid-kdFWQQWTckus/c551dc9e-e3ce-4099-a956-4bda82b8f4ab-VAJJHUWPzDAdnbDk9nOMUzVAFOb10iBMFcAzRPQDS43dKgHLApauPNTQI3qV1GIqAdRhqgdqb5336r2BRfZrPlqhbshLlXmRGCP/20260512_165324.jpg | AP12: https://prod-fillout-oregon-s3.s3.us-west-2.amazonaws.com/orgid-431168/flowpublicid-kdFWQQWTckus/b676ca88-1cfc-48e4-93e2-846dac4bc5f7-lF23PkxXYx0evmMdHUT0NXJL0g1XAqWG3yYTxKUuCi257szttMqfYK3cr69rbVeU81CZQblMGRhgwesnahtysixWPN2q2Xj7Y62/20260512_165722.jpg | AQ12: 0 | AR12: 0 | AS12: 0 | AT12: 0 | AU12: 0 | AV12: 0 | AW12: 0 | AX12: 0 | AY12: 1 | AZ12: 22000000 | BA12: 0 | BC12: 0 | BE12: 0 | BG12: Dava narta yudha, Nabilah muazorah mochtar, Keenand ryuga narta | BH12: NABILAH MUAZAROH MOCHTAR | BI12: None | BJ12: https://build.fillout.com/editor/kdFWQQWTckus/results?sessionId=7ec335dc-4ca3-4775-aa54-12c7f9a7b0e4 | BK12: 91d22f4714f303157d11716cb9588443
A13: 85dc3814-50b9-4bd0-b8b4-ec69ca374e27 | B13: Tue May 12 2026 19:33:00 GMT+0700 (Western Indonesia Time) | C13: Tue May 12 2026 19:09:00 GMT+0700 (Western Indonesia Time) | D13: finished | E13: Ending | F13: 108 | G13: 2026-05-12 | H13: PRIYATNO | I13: wakit ragil | J13: 3515031001093496 | K13: https://prod-fillout-oregon-s3.s3.us-west-2.amazonaws.com/orgid-431168/flowpublicid-kdFWQQWTckus/a365cc58-86a8-4edd-be3c-93ad847ffd49-QqEquXlJBZhIBqtKdczpSpaSGNsW8npMyyZY3PzFesftRWKZrYTM9MCRNOVtoYKOHm1OdyHditZxuG6NBxbBtQKnmg4eaSPc2oR/IMG-20260512-WA0000.jpg | L13: wakit ragil | M13: desa waung | N13: RT 008 RW 004 | O13: 1 | Q13: 1 | R13: 1 | S13: 1 | U13: 70 | V13: 2 | W13: 1 | X13: 1 | Y13: 1 | Z13: 2 | AA13: 1 | AB13: 1 | AC13: 1 | AD13: 1 | AE13: 4 | AF13: 1 | AG13: 1 | AH13: 1 | AL13: 30000 | AM13: 100000 | AN13: https://prod-fillout-oregon-s3.s3.us-west-2.amazonaws.com/orgid-431168/flowpublicid-kdFWQQWTckus/0fcf7b8e-44db-4fb1-8b7f-f663ea5a0651-lVpDmnYTQjHa2fnffJv94vZhpc5OQidlvAeN5J7VfSrCA6pGUH82YhXzdG53kz2q8f6lLzIhfDUlU6oBGFb1Y2OW1WtNE2Kl6SX/IMG-20260512-WA0002.jpg | AO13: https://prod-fillout-oregon-s3.s3.us-west-2.amazonaws.com/orgid-431168/flowpublicid-kdFWQQWTckus/ce05323c-3fc5-4c39-b991-310edb5bb017-QOYg0LCJ5BG1iqAcys0JFJUl99dd0hXxYsq00vEkf7Q8OS76fq6APqMHQs5Jm7vOcN6DPm1K1wTKnn3rFPS6QgMDw9UrVT29gQ6/IMG-20260512-WA0003.jpg | AP13: https://prod-fillout-oregon-s3.s3.us-west-2.amazonaws.com/orgid-431168/flowpublicid-kdFWQQWTckus/d5cdc4b9-df21-4af1-bcaf-17f1437eeeb0-3qjKlTxmAKZRI2q0mbMg09p5gsviHHDGZUFeXYH4ecmGwuBMKGoINc8Wr1IIDniC2q9DlPk4autwPAMU7yI28pOYZZRqLIsHS83/WA_1778551570116.jpg | AQ13: 1 | AR13: 0 | AS13: 1 | AT13: 0 | AU13: 2 | AV13: 0 | AW13: 1 | AX13: 0 | AY13: 1 | AZ13: 3000000 | BA13: 0 | BC13: 0 | BE13: 0 | BG13: wakit ragil, supariati, ulum hanifatus solikhah | BH13: PRIYATNO | BI13: None | BJ13: https://build.fillout.com/editor/kdFWQQWTckus/results?sessionId=85dc3814-50b9-4bd0-b8b4-ec69ca374e27 | BK13: a5b1ee32e3c14293846465b974740550
A14: b8562634-cfaf-475a-94bb-721ef9c519a4 | B14: Tue May 12 2026 19:40:00 GMT+0700 (Western Indonesia Time) | C14: Tue May 12 2026 17:57:00 GMT+0700 (Western Indonesia Time) | D14: finished | E14: Ending | F14: 107 | G14: 2026-05-12 | H14: SRI WINARTI | I14: Sudiono | J14: 3515031001093447 | K14: https://prod-fillout-oregon-s3.s3.us-west-2.amazonaws.com/orgid-431168/flowpublicid-kdFWQQWTckus/34ec2833-6eb0-4330-8e9b-1c1328ff050f-iRT6QnyVVtgtW0ZfjkncZe3Y19maV3KMCWP2jQUzBTbMG8e611RF7tJNe7NWozRBlIuzrMEfxq1gKlS8o0UaKq17CrZUTEMvorZ/WA_1778568239411.jpg | L14: Waras Kholip Suningsih | M14: Waung | N14: RT 007 RW 004 | O14: 1 | Q14: 1 | R14: 1 | S14: 1 | U14: 108 | V14: 2 | W14: 1 | X14: 1 | Y14: 1 | Z14: 2 | AA14: 1 | AB14: 1 | AC14: 1 | AD14: 1 | AE14: 7 | AF14: 1 | AG14: 1 | AH14: 2 | AL14: 100 | AM14: 70 | AN14: https://prod-fillout-oregon-s3.s3.us-west-2.amazonaws.com/orgid-431168/flowpublicid-kdFWQQWTckus/4ea51be4-9f5a-42f0-a1d3-0f66c944d175-c0s3yzP08j0tWSoDSrbo5O0YGbSjGJ55gVYEF0ubqJ8w5dybr6Z78F35ErSvGyvkUrSGm4qyNj5OrKjOsdXe8bckhOjLCuIHDuL/1000422105.jpg | AO14: https://prod-fillout-oregon-s3.s3.us-west-2.amazonaws.com/orgid-431168/flowpublicid-kdFWQQWTckus/8a6af1f4-84f8-40e2-bc78-583661e02f4b-rwMy6L1G3eMikwHLt70A643jI4q0W0BAURXNirzGc1PNRplP68ZUWiKb9hMErawqCKNZGpFWthQtjFK8H8PVFNoaSUA6F4qtU0U/1000421857.jpg | AP14: https://prod-fillout-oregon-s3.s3.us-west-2.amazonaws.com/orgid-431168/flowpublicid-kdFWQQWTckus/02a97dcb-dc3c-4f4f-9ce4-876a232c4a2b-bdc3MK69OaDgdm6ZgMgReDEskTB9MV3QxvCWbFXFfHcogE0eqV0kaK8hnvbhJRmoIieHCrhoZC0WmOxyfGYWVY23ZvYdRBUKRBq/1000421859.jpg | AQ14: 2 | AR14: 0 | AS14: 0 | AT14: 0 | AU14: 5 | AV14: 0 | AW14: 1 | AX14: 0 | AY14: 2 | AZ14: 4000000 | BA14: 0 | BC14: 0 | BE14: 0 | BG14: Sudiono, Waras Kholip Suningsih | BH14: SRI WINARTI | BI14: None | BJ14: https://build.fillout.com/editor/kdFWQQWTckus/results?sessionId=b8562634-cfaf-475a-94bb-721ef9c519a4 | BK14: 2ed216414a105846b4520f43e8c94ae1
A15: 6435f591-f7a9-4235-ad37-033ae4decda5 | B15: Tue May 12 2026 20:13:00 GMT+0700 (Western Indonesia Time) | C15: Mon May 11 2026 10:20:00 GMT+0700 (Western Indonesia Time) | D15: finished | E15: Ending | F15: 104 | G15: 2026-05-11 | H15: SITI AISYAH | I15: Ardiyanto | J15: 3515032911110006 | K15: https://prod-fillout-oregon-s3.s3.us-west-2.amazonaws.com/orgid-431168/flowpublicid-kdFWQQWTckus/d63e7752-8be7-4622-8ba1-145b322be99f-U5aocskiP88dF8HLJvwI7VBHlvAplLqlieZYKnPqGwehhX20BG00QIoCDDzVq36aj8CY8F5M2JoTWqgDkrk0TKQV2kXDdXEJPUS/Screenshot_20240617-070503.png | L15: Ardiyanto | M15: Waung | N15: RT 004 RW 002 | O15: 1 | Q15: 1 | R15: 1 | S15: 4 | U15: 60 | V15: 2 | W15: 1 | X15: 1 | Y15: 1 | Z15: 2 | AA15: 1 | AB15: 1 | AC15: 1 | AD15: 1 | AE15: 7 | AF15: 1 | AG15: 1 | AH15: 1 | AL15: 50000 | AM15: 100000 | AN15: https://prod-fillout-oregon-s3.s3.us-west-2.amazonaws.com/orgid-431168/flowpublicid-kdFWQQWTckus/a8e71c26-2511-4229-b01a-64a5a094391a-rC2kpLHMbCFIZU1aOHMe8DMp2o2nHFR2sM5cy055rwGBMu2tTtucCXwcrU68hzBGGchzjudTFUsV5kEWt4SXZC42NGnHQYbWXvV/215531.jpg | AO15: https://prod-fillout-oregon-s3.s3.us-west-2.amazonaws.com/orgid-431168/flowpublicid-kdFWQQWTckus/c1ae9b70-0eeb-4ea9-ae99-6256af8c8e30-zmINuHVj3945EExOA2PeNMZHSMQCkrYlua1GRztazi6dqmHul0WdWgH6dwN33sAjQd25lTZzSnWJG4UVKOuSoY2uIBxwR7VAhKv/215525.jpg | AP15: https://prod-fillout-oregon-s3.s3.us-west-2.amazonaws.com/orgid-431168/flowpublicid-kdFWQQWTckus/f8a72da8-e296-4e4b-9ec3-45fe3ea4f444-vO6j7rTJaox1YDB3VhfQQE2hukrDkZCvNkSUATiR9FQSw4HdKeWHpwxlOCa7kSMETaT4IITFiRtIHll7PvZFEwGxNMwOOFztcAw/215522.jpg | AQ15: 1 | AR15: 0 | AS15: 0 | AT15: 0 | AU15: 0 | AV15: 0 | AW15: 0 | AX15: 0 | AY15: 1 | AZ15: 5000000 | BA15: 0 | BC15: 0 | BE15: 0 | BG15: Ardiyanto, Siti Aisyah, Asrory ubaid hidayatullah | BH15: SITI AISYAH | BI15: None | BJ15: https://build.fillout.com/editor/kdFWQQWTckus/results?sessionId=6435f591-f7a9-4235-ad37-033ae4decda5 | BK15: 87b2be06fe24b23c1179242f77cbe214
A16: 4be0be74-bd0a-4e1e-affa-0e04a479af9e | B16: Tue May 12 2026 20:28:00 GMT+0700 (Western Indonesia Time) | C16: Tue May 12 2026 19:42:00 GMT+0700 (Western Indonesia Time) | D16: finished | E16: Ending | F16: 107 | G16: 2026-05-12 | H16: SRI WINARTI | I16: Bambang Usman | J16: 3515032503130001 | K16: https://prod-fillout-oregon-s3.s3.us-west-2.amazonaws.com/orgid-431168/flowpublicid-kdFWQQWTckus/c9691016-dd46-41fb-91cc-6518382e865a-aeWQfnr1C3klEGTqW19hCZk5wqmAWtHPTZtqf7w8369LunzC72tIewfq6hyIk2nUl6rDrEp5C7eYyJBKzG0LxA53SaA9S9vYPPZ/WA_1778589990574.jpg | L16: Sri Winarti | M16: Waung | N16: RT 007 RW 004 | O16: 1 | Q16: 1 | R16: 3 | U16: 105 | V16: 2 | W16: 1 | X16: 1 | Y16: 1 | Z16: 4 | AA16: 1 | AB16: 1 | AC16: 1 | AD16: 1 | AE16: 2 | AF16: 2 | AL16: 100 | AM16: 70 | AN16: https://prod-fillout-oregon-s3.s3.us-west-2.amazonaws.com/orgid-431168/flowpublicid-kdFWQQWTckus/caaa78e4-3a9c-4d22-9c4b-62e804e10952-OVoCHyKpsAxHIv4vbEc8g1ADgQ5xWWvidehWSWUks8B5QiPJAtmSlBu4WnsgYDyn97PXoz4FHGMXAWXIX93r8kzmAQ4wi25NWjA/1000422349.jpg | AO16: https://prod-fillout-oregon-s3.s3.us-west-2.amazonaws.com/orgid-431168/flowpublicid-kdFWQQWTckus/f3af7471-dbf0-42dd-b248-a97a1188220b-Ic7CBMUz0RIjQIScxKNBcCx1JzaxGEsENqYGpdUfjAf9dwCnzxso0ZztaiEmZhhN38vXNQD0sn22nHcfQnrUIzqFG6BbWJUThbl/1000422352.jpg | AP16: https://prod-fillout-oregon-s3.s3.us-west-2.amazonaws.com/orgid-431168/flowpublicid-kdFWQQWTckus/1b4e69ac-9975-4ca7-b3a5-fda6d8f7b8d6-5tAqVOAKyAeWPGZiFf9YZ6mhdMv0LixyroXi8RGk7GXaLknQO51AX3MAS20Smik3LVaaI9Me9IGkGhHob7Z7LcopzBOz0cvyiun/1000422355.jpg | AQ16: 1 | AR16: 0 | AS16: 1 | AT16: 0 | AU16: 1 | AV16: 0 | AW16: 1 | AX16: 0 | AY16: 2 | AZ16: 11000000 | BA16: 0 | BC16: 1 | BD16: 100000000 | BE16: 0 | BG16: Bambang Usman, Sri Winarti, Salsabila Putri Febriana, Reviana Aulia Azzahra | BH16: SRI WINARTI | BI16: None | BJ16: https://build.fillout.com/editor/kdFWQQWTckus/results?sessionId=4be0be74-bd0a-4e1e-affa-0e04a479af9e | BK16: 2ed216414a105846b4520f43e8c94ae1
A17: ab62dc87-8d72-42eb-9775-813b7d8490a0 | B17: Tue May 12 2026 20:58:00 GMT+0700 (Western Indonesia Time) | C17: Tue May 12 2026 16:28:00 GMT+0700 (Western Indonesia Time) | D17: finished | E17: Ending | F17: 105 | G17: 2026-05-12 | H17: WAHYUNI DWI SUSANTI | I17: Abdul gofur | J17: 3515031012090001 | K17: https://prod-fillout-oregon-s3.s3.us-west-2.amazonaws.com/orgid-431168/flowpublicid-kdFWQQWTckus/cd17f9be-c65a-43c9-bdbe-9c55fd6bcc7d-dY1bvuRsTketMJobSyMkL4A0uFyEOOooCvZW4oVWFTt8aQVkYMvMIrklbTJ0oynquVb4huGuZCrOHchnyhZImyQWwOBsKZNKQrv/Screenshot_20260512_160412_CamScanner.jpg | L17: Suyanti | M17: Waung | N17: RT 005 RW 003 | O17: 1 | Q17: 1 | R17: 1 | S17: 1 | U17: 91 | V17: 2 | W17: 1 | X17: 1 | Y17: 1 | Z17: 2 | AA17: 1 | AB17: 1 | AC17: 1 | AD17: 1 | AE17: 7 | AF17: 1 | AG17: 1 | AH17: 1 | AL17: 50000 | AM17: 0 | AN17: https://prod-fillout-oregon-s3.s3.us-west-2.amazonaws.com/orgid-431168/flowpublicid-kdFWQQWTckus/fc3a9f61-6662-4da4-b193-dc8ff24a7019-wylVxF6xuV1fGqK9OeWZ5T8niTGPHjyfd2o6ogWAY3VMTPktRfmARzffdPkLtlAZfJrLrbs7pmRGCZFacSyqtKMUpieq06HGOk9/1001030277.jpg | AO17: https://prod-fillout-oregon-s3.s3.us-west-2.amazonaws.com/orgid-431168/flowpublicid-kdFWQQWTckus/9d2af800-a6fa-4f41-9d10-14c4f09a6b87-9J03Tu75IGOTfYgLetszkr2P83aUKkcyU7Nb4HbGeRhQa2gKFKzbCwKKNHNAOkvlJiq1uKDBBfh8PXPKVA7ORKdc2V0YOGltbDs/1001030278.jpg | AP17: https://prod-fillout-oregon-s3.s3.us-west-2.amazonaws.com/orgid-431168/flowpublicid-kdFWQQWTckus/4a128a65-6780-498a-868e-1bc1682f8b6e-V1gtohjqKnzZOSh46xkxWDBPk57Wp9sq3F16VHnKeVRoTDeoYcrux7sPIdu3S9dBEX1xIVomJyGiMGw21oAQlmQg7qcaYhTWfhZ/1001030417.jpg | AQ17: 1 | AR17: 0 | AS17: 1 | AT17: 0 | AU17: 0 | AV17: 0 | AW17: 2 | AX17: 0 | AY17: 1 | AZ17: 7000000 | BA17: 0 | BC17: 0 | BE17: 0 | BG17: Abdul Gofur, Suyanti, Ananda Mathasia | BH17: WAHYUNI DWI SUSANTI | BI17: None | BJ17: https://build.fillout.com/editor/kdFWQQWTckus/results?sessionId=ab62dc87-8d72-42eb-9775-813b7d8490a0 | BK17: e2e09caa8dce38633385a5c792cea6ab
A18: 67bc68a6-b2ff-4263-84b9-7fc651207c2a | B18: Tue May 12 2026 21:34:00 GMT+0700 (Western Indonesia Time) | C18: Tue May 12 2026 20:41:00 GMT+0700 (Western Indonesia Time) | D18: finished | E18: Ending | F18: 104 | G18: 2026-05-12 | H18: SITI AISYAH | I18: Kartik | J18: 3515031001093333 | K18: https://prod-fillout-oregon-s3.s3.us-west-2.amazonaws.com/orgid-431168/flowpublicid-kdFWQQWTckus/bde0cd90-f665-4481-b99e-53cf0f067b8c-xiUdHMpzoeAuRpak2QP3Tk1sov0g2xkGwvTxjKszB8jJ1hcuQi4EDOnEukVRTDZ3Ehdz9mX1cnzbfIneLmOMgfsE8DynKhQKPjE/KK-kartik.jpg | L18: Kartik | M18: Waung | N18: RT 004 RW 002 | O18: 1 | Q18: 1 | R18: 1 | S18: 1 | U18: 90 | V18: 2 | W18: 1 | X18: 1 | Y18: 1 | Z18: 2 | AA18: 1 | AB18: 1 | AC18: 1 | AD18: 1 | AE18: 1 | AF18: 1 | AG18: 1 | AH18: 1 | AL18: 70000 | AM18: 50000 | AN18: https://prod-fillout-oregon-s3.s3.us-west-2.amazonaws.com/orgid-431168/flowpublicid-kdFWQQWTckus/074d723a-af9f-4e5b-9f23-63d53cab9e02-FuOf3m8jtQsNSRxJXO2Kh2pIK0F52SnOvcAMY61fbQ9FQlE2K1vd9UyRhsNGmWe7T1COgZJqBdOjWtpP6E8hO6nCLUE8JkbtrlT/215970.jpg | AO18: https://prod-fillout-oregon-s3.s3.us-west-2.amazonaws.com/orgid-431168/flowpublicid-kdFWQQWTckus/ddc3d61a-f61f-4786-b201-30207cb36809-de7eEtaEK2MklkGg6sXwFsINnUExn8vPd7A7CLz1eEtRFtITaV0XpazOrLvWg54VQ3qPFMz7GydFzBOgtPGIZCkgitX0nObuvEP/215971.jpg | AP18: https://prod-fillout-oregon-s3.s3.us-west-2.amazonaws.com/orgid-431168/flowpublicid-kdFWQQWTckus/e0c2cea0-8c9b-48ca-bbdb-c8ef920ec079-NxBfx6FZBvSM3nAShr8KA9KVe6QyWNkfhpEBWewGcAOLvtkc6HOdGIJKjpZEl3Krnl2fTy3Js5O6Z7uoP0vzUYyRyE0IXpAwtG1/215974.jpg | AQ18: 2 | AR18: 0 | AS18: 1 | AT18: 0 | AU18: 3 | AV18: 0 | AW18: 1 | AX18: 0 | AY18: 1 | AZ18: 20000000 | BA18: 0 | BC18: 1 | BD18: 200000000 | BE18: 0 | BG18: Kartik | BH18: SITI AISYAH | BI18: None | BJ18: https://build.fillout.com/editor/kdFWQQWTckus/results?sessionId=67bc68a6-b2ff-4263-84b9-7fc651207c2a | BK18: 87b2be06fe24b23c1179242f77cbe214
A19: 663bbf3c-7373-4a66-9b52-55c49eaec746 | B19: Tue May 12 2026 22:52:00 GMT+0700 (Western Indonesia Time) | C19: Tue May 12 2026 22:13:00 GMT+0700 (Western Indonesia Time) | D19: finished | E19: Ending | F19: 106 | G19: 2026-05-12 | H19: SRI SUTARMI | I19: Suparno | J19: 3515031001093440 | K19: https://prod-fillout-oregon-s3.s3.us-west-2.amazonaws.com/orgid-431168/flowpublicid-kdFWQQWTckus/dc4ebf2e-89a4-4244-84c4-a4b5739ef42a-56cowxOp7j1HPVb1fxWKYtbKhd1Dyn3hE8JYIHm3T44ex6JD3zTJ4DiY7HQwikQgMZSPn9k2lOXo8NC7lR4efDtkmgymW1F5kNA/Screenshot_20260512-162041_Gallery.jpg | L19: Sutilah | M19: Waung | N19: RT 006 RW 003 | O19: 1 | Q19: 2 | R19: 1 | S19: 1 | U19: 60 | V19: 2 | W19: 1 | X19: 1 | Y19: 1 | Z19: 2 | AA19: 1 | AB19: 1 | AC19: 1 | AD19: 1 | AE19: 2 | AF19: 1 | AG19: 1 | AH19: 1 | AL19: 60 | AM19: 200000 | AN19: https://prod-fillout-oregon-s3.s3.us-west-2.amazonaws.com/orgid-431168/flowpublicid-kdFWQQWTckus/488ca76c-82bd-4835-ab64-6d88e8bb8eb9-JnZpaqckWv3zzWXMu9VlBHBUGfLOVXEchHYEX4URi5sq5MJxbW8jEnc2IDC6hl3FMjG8aCFhkvPiQym4deAMAOrv30gAk2NC1sV/Screenshot_20260512-162242_Gallery.jpg | AO19: https://prod-fillout-oregon-s3.s3.us-west-2.amazonaws.com/orgid-431168/flowpublicid-kdFWQQWTckus/3ba18af5-bc6d-4d29-ba9b-58cf369c281e-8qhwIYMRQBHBkhSzGgI6B1sA0l2Ev56kizksnxTukCpnPJKmvWvVBN8ro8MwOOw8IYAM1n92LAAysvHrmZKOGcUW8hnNRyCEK3u/Screenshot_20260512-162056_Gallery.jpg | AP19: https://prod-fillout-oregon-s3.s3.us-west-2.amazonaws.com/orgid-431168/flowpublicid-kdFWQQWTckus/9e7b18f9-c1af-4f18-a9be-0235dc2dc8aa-1yzz6kZQseHfHIep7ABRFk2KBL3ygqrRKrNDLSGCDN4OxFXNs0VjkmoM25oRPK5WPsDNLNkfOvF5y302Lklu4bRkJUFJKY5gCQT/Screenshot_20260512-162108_Gallery.jpg | AQ19: 1 | AR19: 0 | AS19: 1 | AT19: 0 | AU19: 3 | AV19: 0 | AW19: 1 | AX19: 0 | AY19: 2 | AZ19: 15000000 | BA19: 0 | BC19: 0 | BE19: 0 | BG19: Suparno, Sutilah, As'ari, Jilan Nafiah, Afif Muzakki | BH19: SRI SUTARMI | BI19: None | BJ19: https://build.fillout.com/editor/kdFWQQWTckus/results?sessionId=663bbf3c-7373-4a66-9b52-55c49eaec746 | BK19: 91d22f4714f303157d11716cb9588443
A20: f937cc90-3e66-451a-9817-13994cd7125c | B20: Tue May 12 2026 22:57:00 GMT+0700 (Western Indonesia Time) | C20: Tue May 12 2026 21:45:00 GMT+0700 (Western Indonesia Time) | D20: finished | E20: Ending | F20: 104 | G20: 2026-05-12 | H20: SITI AISYAH | I20: Moh.Anwar | J20: 3515032701110003 | K20: https://prod-fillout-oregon-s3.s3.us-west-2.amazonaws.com/orgid-431168/flowpublicid-kdFWQQWTckus/f22e98b3-3682-4b08-84aa-d65298ba8fb2-WJkLvMOtttUGWaAN1YX5ARDWcEocRL20zht4S3mQQfSwU4dpCrFEGFI3Mf6Zghlmgs7wpFPfG4A5nnojgEDnZ4aQuKEtoMiA6DA/IMG-20260512-WA0095.jpg | L20: Moh.Anwar | M20: Waung | N20: RT 004 RW 002 | O20: 1 | Q20: 1 | R20: 1 | S20: 1 | U20: 100 | V20: 6 | W20: 1 | X20: 1 | Y20: 1 | Z20: 2 | AA20: 1 | AB20: 1 | AC20: 1 | AD20: 1 | AE20: 5 | AF20: 1 | AG20: 1 | AH20: 1 | AL20: 60000 | AM20: 25000 | AN20: https://prod-fillout-oregon-s3.s3.us-west-2.amazonaws.com/orgid-431168/flowpublicid-kdFWQQWTckus/20da39e8-ceb1-4edb-83c9-eaded3e59d16-Qqu3871shv2Fwf93gyOcnhnKxqif90SbMAQSDgS7teMu2F3bBnICn6KciFZxjaxSDeY3pVin0Nycm8YJzS6iExVGvxDUcZUGRA5/216034.jpg | AO20: https://prod-fillout-oregon-s3.s3.us-west-2.amazonaws.com/orgid-431168/flowpublicid-kdFWQQWTckus/53e96ebe-1a04-48c0-91df-8aa69c9ff1c7-4uxsHPgB7RV5t8TmmUE996Z13NZ13pXNzkbND6M3vJJeRBoiuDG2N1pqtWNlN1OmukAGvRsTwBdzNrHlx8QiEeMVeo95OUcvh9J/216035.jpg | AP20: https://prod-fillout-oregon-s3.s3.us-west-2.amazonaws.com/orgid-431168/flowpublicid-kdFWQQWTckus/ca394ac7-bac1-4137-bd69-b013298e7a72-ZlkSzdgi4LsnrWGLc2B6ZzEqnmW9D5gr9cvSSn5si5uryngPoderlqtryXTtbBgwBQtKXEoHviaVaDJ34a5pUnHH7LY16DPBLz0/216036.jpg | AQ20: 2 | AR20: 0 | AS20: 1 | AT20: 0 | AU20: 0 | AV20: 0 | AW20: 0 | AX20: 0 | AY20: 1 | AZ20: 1500000 | BA20: 0 | BC20: 0 | BE20: 0 | BG20: Moh.Anwar, Sumarni | BH20: SITI AISYAH | BI20: None | BJ20: https://build.fillout.com/editor/kdFWQQWTckus/results?sessionId=f937cc90-3e66-451a-9817-13994cd7125c | BK20: 87b2be06fe24b23c1179242f77cbe214
A21: d736fc32-c1ba-4952-baf7-ea76d1f5f87e | B21: Tue May 12 2026 23:08:00 GMT+0700 (Western Indonesia Time) | C21: Tue May 12 2026 22:52:00 GMT+0700 (Western Indonesia Time) | D21: finished | E21: Ending | F21: 106 | G21: 2026-05-12 | H21: SRI SUTARMI | I21: Anis nadiroh | J21: 3515032104200001 | K21: https://prod-fillout-oregon-s3.s3.us-west-2.amazonaws.com/orgid-431168/flowpublicid-kdFWQQWTckus/f001af41-08c1-4ff4-84b5-cc8037e84f20-jZkOtEafHaxUnoPkaPsB9YHV6CCncfrZ9qV6wgDRjAXZQB1Bi3pTF2SumO1VvbiYyVRqiq07mYum65Ra6LCYS5N9dCD3PafCXcP/Screenshot_20260512-162048_Gallery.jpg | L21: Sutilah | M21: Waung | N21: RT 006 RW 003 | O21: 1 | Q21: 2 | R21: 1 | S21: 1 | U21: 12 | V21: 2 | W21: 1 | X21: 1 | Y21: 1 | Z21: 2 | AA21: 1 | AB21: 1 | AC21: 1 | AD21: 1 | AE21: 2 | AF21: 1 | AG21: 1 | AH21: 1 | AL21: 15000 | AM21: 50000 | AN21: https://prod-fillout-oregon-s3.s3.us-west-2.amazonaws.com/orgid-431168/flowpublicid-kdFWQQWTckus/deb095aa-c4b7-4a44-a42b-316be99e3cd9-M9nofXitPpSv2bJsT80O5PQAHzVzdGeQOUy3Uj0DIsKGJExcqeFdBJ6FTGqiaMCACkO0dN4Lkvoqdm1CajVa2Ia7FwQp3xmuOcF/Screenshot_20260512-162242_Gallery.jpg | AO21: https://prod-fillout-oregon-s3.s3.us-west-2.amazonaws.com/orgid-431168/flowpublicid-kdFWQQWTckus/fd050e8d-3f6d-44cb-a0fe-d8d30393d116-7ujYvqD421GRY9rr0BsxGd4vNvTehenEqfQEeS4YtP04dZybrLtpFQAwpzqNPIu5HQbPD9BtfDfWiKDM1FMRKBQNhnOXSL1N2Cs/Screenshot_20260512-162056_Gallery.jpg | AP21: https://prod-fillout-oregon-s3.s3.us-west-2.amazonaws.com/orgid-431168/flowpublicid-kdFWQQWTckus/ccdce5d8-7e3e-4a27-b99b-349ba49bfd2b-DLQs5VDD44ODGSww6T6WJTDB2jjyHQLnjHK3FjqQRClopBGefLHFmabKpcoYjKKGJp1g55HPm9Dkx0RBDiB7PqT4zu4o55ay600/Screenshot_20260512-162108_Gallery.jpg | AQ21: 0 | AR21: 0 | AS21: 0 | AT21: 0 | AU21: 4 | AV21: 0 | AW21: 1 | AX21: 0 | AY21: 1 | AZ21: 9000000 | BA21: 0 | BC21: 0 | BE21: 0 | BG21: Anis nadiroh, Rifky najwan widjaya | BH21: SRI SUTARMI | BI21: None | BJ21: https://build.fillout.com/editor/kdFWQQWTckus/results?sessionId=d736fc32-c1ba-4952-baf7-ea76d1f5f87e | BK21: 91d22f4714f303157d11716cb9588443
A22: a986ade3-5241-4e57-bce0-a8d0389a0f90 | B22: Tue May 12 2026 23:08:00 GMT+0700 (Western Indonesia Time) | C22: Tue May 12 2026 22:40:00 GMT+0700 (Western Indonesia Time) | D22: finished | E22: Ending | F22: 108 | G22: 2026-05-12 | H22: PRIYATNO | I22: Muhammad sofa | J22: 3515031001093492 | K22: https://prod-fillout-oregon-s3.s3.us-west-2.amazonaws.com/orgid-431168/flowpublicid-kdFWQQWTckus/a617e188-6c7d-4316-8bcd-a9576f6af32c-Ccl39KbfG9cqZZTzrHiMIVgostRtgZNUGsZX7DthVtiysPhaOyHYitQD5dg68gacTLez2GVI0HW3IB9EATsYFZvYZt0ozBRTPpd/WA_1778600536086.jpg | L22: Muhammad sofa | M22: desa waung | N22: RT 008 RW 004 | O22: 1 | Q22: 1 | R22: 1 | S22: 1 | U22: 60 | V22: 2 | W22: 1 | X22: 1 | Y22: 2 | Z22: 4 | AA22: 2 | AB22: 1 | AC22: 1 | AD22: 1 | AE22: 4 | AF22: 1 | AG22: 1 | AH22: 1 | AL22: 30000 | AM22: 100000 | AN22: https://prod-fillout-oregon-s3.s3.us-west-2.amazonaws.com/orgid-431168/flowpublicid-kdFWQQWTckus/06d6a2c1-5efc-4763-8464-6bb7382bc7ba-Jf3oe1XPH9l41D40Ys32s5dHq5iydEENuJcnpYn0dovZG6wuNiv3cWZxp1ogKfqjqh2m01TxDyusA3aUULXWqbueRBTcZc5KKVu/WA_1778600228558.jpg | AO22: https://prod-fillout-oregon-s3.s3.us-west-2.amazonaws.com/orgid-431168/flowpublicid-kdFWQQWTckus/cd73f0b5-d023-4463-bd06-ae8c4dbc9adb-fBzSjleeXa6RTuzyWVrfw5JrHbsSvbkp0EB6fdF2yOR5ZxSCq0tBtFZbnEaxuRzRS9KcRorbg6QWCC1KEseDdYWHICm4SJn2LV5/WA_1778600280756.jpg | AP22: https://prod-fillout-oregon-s3.s3.us-west-2.amazonaws.com/orgid-431168/flowpublicid-kdFWQQWTckus/3b0ffc87-c39d-45e4-b597-c32530d7b5eb-qYn2eYkudza0AzThylL9E1etNQeC8eRDDVHW1LazY5ckE5x0DfvjLDVkMotJJjVVHA2jed59B2ATwMv2MxjC8iAagcyJHkdSInB/WA_1778600316861.jpg | AQ22: 1 | AR22: 0 | AS22: 1 | AT22: 0 | AU22: 2 | AV22: 0 | AW22: 1 | AX22: 0 | AY22: 1 | AZ22: 3500000 | BA22: 0 | BC22: 0 | BE22: 0 | BG22: Muhammad sofa, ani fatimah, afdilah rochimi | BH22: PRIYATNO | BI22: None | BJ22: https://build.fillout.com/editor/kdFWQQWTckus/results?sessionId=a986ade3-5241-4e57-bce0-a8d0389a0f90 | BK22: 2ed216414a105846b4520f43e8c94ae1
A23: 369b12fa-a078-4793-9170-6d973e1a24e1 | B23: Wed May 13 2026 08:18:00 GMT+0700 (Western Indonesia Time) | C23: Tue May 12 2026 23:01:00 GMT+0700 (Western Indonesia Time) | D23: finished | E23: Ending | F23: 104 | G23: 2026-05-12 | H23: SITI AISYAH | I23: Sudrikah | J23: 3515031001093352 | K23: https://prod-fillout-oregon-s3.s3.us-west-2.amazonaws.com/orgid-431168/flowpublicid-kdFWQQWTckus/77c0cc00-74e4-4d81-94d2-d0a3d20c19b5-ORG2sPiJzw7gmf3yp4grBIKNrLeZJgC47zecpWYnUvy8tQyaid5ndlAN4kyQXEXl28LfkW8XC8WdbZAIwx9qC27ElIGKvJGHo4I/IMG-20260512-WA0086.jpg | L23: Sudrikah | M23: Waung | N23: RT 004 RW 002 | O23: 1 | Q23: 2 | R23: 1 | S23: 1 | U23: 48 | V23: 1 | W23: 1 | X23: 1 | Y23: 1 | Z23: 2 | AA23: 1 | AB23: 1 | AC23: 1 | AD23: 1 | AE23: 1 | AF23: 1 | AG23: 1 | AH23: 2 | AL23: 300000 | AM23: 100000 | AN23: https://prod-fillout-oregon-s3.s3.us-west-2.amazonaws.com/orgid-431168/flowpublicid-kdFWQQWTckus/96d114c1-86f5-4250-9d90-d4162831d58e-paNgymxi1gNT5YuPhljoOUun4hFM7Asd3AhjMtvJ5BftOS2PrDRgjaNoQ5G8ADFtIBlo4grBHq25dArJ773GbUAOrTQ0T9D3DQR/216014.jpg | AO23: https://prod-fillout-oregon-s3.s3.us-west-2.amazonaws.com/orgid-431168/flowpublicid-kdFWQQWTckus/0d5f17a6-a174-4bc6-9b78-cd11ddf4c9d0-7ZiAvKmsptfbKquUu4tTAljMfYjkeQaEBW8e1HsiD5jqyORMr8TkuwVGbmdDyHpV6cu7sQ6qjpHu0SfoTceKiWOA8nm5CQWEoth/216015.jpg | AP23: https://prod-fillout-oregon-s3.s3.us-west-2.amazonaws.com/orgid-431168/flowpublicid-kdFWQQWTckus/e74cdd9b-f2bc-4e16-8555-2ef8bf047413-wJcWO9FLajLq1oq6V29cllKRUny3nRhrgmBlExMYJ6UpIaqNUhr8A3t6J00dg9fykOCDlHJrtL6YlhPMI5fEqzy0rUrnIdZFyZj/216016.jpg | AQ23: 1 | AR23: 0 | AS23: 1 | AT23: 0 | AU23: 26 | AV23: 0 | AW23: 0 | AX23: 0 | AY23: 1 | AZ23: 20000000 | BA23: 0 | BC23: 0 | BE23: 0 | BG23: Sudrikah | BH23: SITI AISYAH | BI23: None | BJ23: https://build.fillout.com/editor/kdFWQQWTckus/results?sessionId=369b12fa-a078-4793-9170-6d973e1a24e1 | BK23: 87b2be06fe24b23c1179242f77cbe214
A24: 83fecf9c-4634-40c3-a478-df8cc368440e | B24: Wed May 13 2026 08:26:00 GMT+0700 (Western Indonesia Time) | C24: Tue May 12 2026 18:49:00 GMT+0700 (Western Indonesia Time) | D24: finished | E24: Ending | F24: 101 | G24: 2026-05-12 | H24: NABILAH MUAZAROH MOCHTAR | I24: Muhammad farianto | J24: 3515031008240005 | K24: https://prod-fillout-oregon-s3.s3.us-west-2.amazonaws.com/orgid-431168/flowpublicid-kdFWQQWTckus/6fc88ed8-9b9c-4da5-b3e6-1fef234e1c68-JoJ9wNEHuF59D4w45ax1EcUtp9jW0znPGnN5VQGM1BFdabaq1YMyKEKUMVaPRzc9YiK1Db3acnlLoM1Xurygd4AznGNhLXhLOgY/WA_1778586854330.jpg | L24: Nuryati | M24: Desa waung | N24: RT 001 RW 001 | O24: 1 | Q24: 2 | R24: 3 | U24: 100 | V24: 2 | W24: 1 | X24: 1 | Y24: 1 | Z24: 2 | AA24: 1 | AB24: 1 | AC24: 3 | AD24: 1 | AE24: 1 | AF24: 1 | AG24: 110 | AH24: 3 | AI24: 3 | AJ24: 3 | AK24: 3 | AL24: 200000 | AM24: 150000 | AN24: https://prod-fillout-oregon-s3.s3.us-west-2.amazonaws.com/orgid-431168/flowpublicid-kdFWQQWTckus/45bc4e42-ff53-4378-8cdc-44ddc9278d5c-bOJHwXJMrFejOrwgYFFCGqAvUAofhEyn7LQ3NzNjgETtkOxeK4LxyI85WK2EpXF7v0N8VF3DR3CEpSZ9wkvVJc9KGCkb2Y9YyPL/20260512_184047.jpg | AO24: https://prod-fillout-oregon-s3.s3.us-west-2.amazonaws.com/orgid-431168/flowpublicid-kdFWQQWTckus/0bbfde0d-5dfe-45d4-b1e8-bdbf2cb3ba76-UFPKolvhSSAzkNlHOvUjE4SuCMP2PFkzz14ypdKHSF1PZAKXUYELTFXO09zxeDsaCrZmJC48iVm03nH77129esLUZoOrFBqqp8x/20260512_184036.jpg | AP24: https://prod-fillout-oregon-s3.s3.us-west-2.amazonaws.com/orgid-431168/flowpublicid-kdFWQQWTckus/6dca5598-bf08-49ab-b015-188fa9d4928d-PbEU3non5UMoA1wd1XvLwaQ7kvP3I23G1wBqyS4KRsofEomrB5hjSpH1sEyTtogeW8GlhfEPDNh2FvSCzpwb8UzHx901PsiFpt8/20260512_184012.jpg | AQ24: 2 | AR24: 0 | AS24: 1 | AT24: 0 | AU24: 10 | AV24: 0 | AW24: 0 | AX24: 0 | AY24: 2 | AZ24: 23000000 | BA24: 1 | BB24: 70000000 | BC24: 0 | BE24: 0 | BG24: Muhammad farianto, Nuryati, Zahira faritania pandora | BH24: NABILAH MUAZAROH MOCHTAR | BI24: None | BJ24: https://build.fillout.com/editor/kdFWQQWTckus/results?sessionId=83fecf9c-4634-40c3-a478-df8cc368440e | BK24: 91d22f4714f303157d11716cb9588443
A25: c6166efc-8d63-44a9-9138-0b3ef3cfd5eb | B25: Wed May 13 2026 09:16:00 GMT+0700 (Western Indonesia Time) | C25: Tue May 12 2026 20:29:00 GMT+0700 (Western Indonesia Time) | D25: finished | E25: Ending | F25: 107 | G25: 2026-05-12 | H25: SRI WINARTI | I25: Kuswanto | J25: 3515031001093444 | K25: https://prod-fillout-oregon-s3.s3.us-west-2.amazonaws.com/orgid-431168/flowpublicid-kdFWQQWTckus/2c26a820-dbbd-4649-a4a6-37de88d2f363-02VmV5BNvmxs7R7SMU7JbSN6fvDApHtw04VUA8pX03tRbYYuyKsgwfg1CqV7vTF9Kq1e0t8LjKsrRKQt9DAxhIBuuPBheaiSqnh/IMG-20260512-WA0049.jpg | L25: Enny Heri Astutik | M25: Waung | N25: RT 007 RW 004 | O25: 1 | Q25: 1 | R25: 1 | S25: 1 | U25: 180 | V25: 2 | W25: 1 | X25: 1 | Y25: 1 | Z25: 2 | AA25: 1 | AB25: 1 | AC25: 1 | AD25: 1 | AE25: 7 | AF25: 1 | AG25: 1 | AH25: 2 | AL25: 250 | AM25: 150 | AN25: https://prod-fillout-oregon-s3.s3.us-west-2.amazonaws.com/orgid-431168/flowpublicid-kdFWQQWTckus/4cb29147-1f64-4c1b-820c-e5771b91156d-p07p2lHLxI0kjDs8t0dqMRrCgejUDUbWTXdFa5C77cw6dPrbB7GeqOGalvGvLeTsAspHMWSGAOrmnT4nlXmWT835DsmAqSJNVW1/1000421755.jpg | AO25: https://prod-fillout-oregon-s3.s3.us-west-2.amazonaws.com/orgid-431168/flowpublicid-kdFWQQWTckus/71353b7b-15b6-4b6c-bb16-f451cb908439-h1cvXukqGlTDEMXWrWjZiW38roi9iIHrPW6EKxWiCLRErqADr2jcglNBxT2uZefFmvxKJuvMhxR1KT2jOfX9wOhXQPoC3MSgunB/1000422400.jpg | AP25: https://prod-fillout-oregon-s3.s3.us-west-2.amazonaws.com/orgid-431168/flowpublicid-kdFWQQWTckus/d37ced23-8592-45ee-8579-bc4230c73678-JRipIsaWOGE10KzUVuFXVjk7zZdHvOwWJE580CKShHsr8FkYMgTuw732Cjo578VGWAX7lZPfuw3yesYXAyoFoJxpm1rTh90Fqbf/1000422403.jpg | AQ25: 2 | AR25: 0 | AS25: 1 | AT25: 0 | AU25: 10 | AV25: 0 | AW25: 2 | AX25: 0 | AY25: 2 | AZ25: 17000000 | BA25: 1 | BB25: 50000000 | BC25: 0 | BE25: 0 | BG25: Kuswanto, Enny Heri Astutik, Guntur Heri Kusnanda | BH25: SRI WINARTI | BI25: None | BJ25: https://build.fillout.com/editor/kdFWQQWTckus/results?sessionId=c6166efc-8d63-44a9-9138-0b3ef3cfd5eb | BK25: 04ffa5e8f3e8fbf982ef7ae5d8a41dbf
A26: 97e434a2-da36-4730-8101-910a1d95f7e4 | B26: Wed May 13 2026 09:42:00 GMT+0700 (Western Indonesia Time) | C26: Wed May 13 2026 09:17:00 GMT+0700 (Western Indonesia Time) | D26: finished | E26: Ending | F26: 107 | G26: 2026-05-13 | H26: SRI WINARTI | I26: Khoirul Anwar | J26: 3515031001093422 | K26: https://prod-fillout-oregon-s3.s3.us-west-2.amazonaws.com/orgid-431168/flowpublicid-kdFWQQWTckus/a9f74827-f02d-434a-9e25-8be45cbb219e-Q7vjoMkhh6pbMMahu16bPuEAFDqA6xMYq2XUn5WLHSubJ3RCjMGLi7ag9H8FJIJeN3sf9Btv7pmgYQwE17PLmICfg7MHI0dqW10/WA_1778637563552.jpg | L26: Indah Setyorini | M26: Waung | N26: RT 007 RW 004 | O26: 1 | Q26: 1 | R26: 1 | S26: 1 | U26: 150 | V26: 2 | W26: 1 | X26: 1 | Y26: 1 | Z26: 2 | AA26: 1 | AB26: 1 | AC26: 1 | AD26: 1 | AE26: 2 | AF26: 1 | AG26: 1 | AH26: 1 | AL26: 40000 | AM26: 200000 | AN26: https://prod-fillout-oregon-s3.s3.us-west-2.amazonaws.com/orgid-431168/flowpublicid-kdFWQQWTckus/c6cd3b00-1cd4-4201-9a04-3a58755d0e46-QSqlNKPVK59u1f04FJ0yOTbrx7o5hdwXgnDjPGUT0itUZzsYd9LY6SDj8ecUADh8BoqV4eK6Lz02kSh71ATF9cfo3iRZsQVcd6b/1000422898.jpg | AO26: https://prod-fillout-oregon-s3.s3.us-west-2.amazonaws.com/orgid-431168/flowpublicid-kdFWQQWTckus/d21424e6-cbb7-43df-8a79-761a05c3f3d2-66RRZWev4jxAkx9HAOn0AUXnq7wXZu5oqi7GVLomTl2dQAvbcpp81DhV4xA1vOu84ptW8ZpgylAjMBiZaB3nths7mktcLPHv0E0/1000422885.jpg | AP26: https://prod-fillout-oregon-s3.s3.us-west-2.amazonaws.com/orgid-431168/flowpublicid-kdFWQQWTckus/9335d369-7002-46ef-8778-a2b143cb5792-NGEEbk2fFOpBsWkUePWcAFHqJDfALJ8cIG6WBBnX7KkybFwF8W7V1gdUxAkor2NDe0d2EHN3UHLfDekg8j61njgKDho8NPjVYI8/1000422887.jpg | AQ26: 2 | AR26: 0 | AS26: 1 | AT26: 0 | AU26: 20 | AV26: 0 | AW26: 1 | AX26: 0 | AY26: 3 | AZ26: 14000000 | BA26: 0 | BC26: 0 | BE26: 0 | BG26: Khoirul Anwar, Endang Irawati, Indah Setyorini | BH26: SRI WINARTI | BI26: None | BJ26: https://build.fillout.com/editor/kdFWQQWTckus/results?sessionId=97e434a2-da36-4730-8101-910a1d95f7e4 | BK26: 04ffa5e8f3e8fbf982ef7ae5d8a41dbf
A27: 2f9e456a-114c-465b-9594-28b74ae58635 | B27: Wed May 13 2026 10:26:00 GMT+0700 (Western Indonesia Time) | C27: Wed May 13 2026 09:45:00 GMT+0700 (Western Indonesia Time) | D27: finished | E27: Ending | F27: 108 | G27: 2026-05-13 | H27: PRIYATNO | I27: teguh imam waskito | J27: 3515031001093509 | K27: https://prod-fillout-oregon-s3.s3.us-west-2.amazonaws.com/orgid-431168/flowpublicid-kdFWQQWTckus/857a7ab6-fbe9-4f7d-8ffe-d126efe4e3a9-9lsJEWD8at2RDwsUJAaGCUNu8THtg5NxzLVT5HH3qCYqEU7y3gpo8cOIDJTpAW2IqPPN1YetNJa2TeaMMXTfRcPXmTn9AZxFEUp/WA_1778640905213.jpg | L27: juma'ati | M27: waung | N27: RT 008 RW 004 | O27: 1 | Q27: 1 | R27: 1 | S27: 1 | U27: 80 | V27: 2 | W27: 1 | X27: 1 | Y27: 1 | Z27: 2 | AA27: 1 | AB27: 1 | AC27: 1 | AD27: 1 | AE27: 7 | AF27: 1 | AG27: 1 | AH27: 1 | AL27: 60000 | AM27: 250000 | AN27: https://prod-fillout-oregon-s3.s3.us-west-2.amazonaws.com/orgid-431168/flowpublicid-kdFWQQWTckus/f8b4700b-c319-434b-a07f-ddce5ad92c25-Qie6fLLj8DdPQjCgw5WDOv0kVj4s9pyOXV3sAIPV6s2IrVR5C9AboYyp7m0iY3TgBB0CJMTsMofMu6MMbha8W7Nz3dAMs0Rbi2a/WA_1778640514903.jpg | AO27: https://prod-fillout-oregon-s3.s3.us-west-2.amazonaws.com/orgid-431168/flowpublicid-kdFWQQWTckus/c8d11d11-54dc-4266-97e4-dd38f222ddad-vusu67L9uX52DNacdcjDc1sjy4o7NY2nw2akGcpifqsuz8zKqi0Emxs6cxnV5SZFtbo21DhG6rBBeu2tkwXzwXNzOa2bJlGPPDe/WA_1778640545395.jpg | AP27: https://prod-fillout-oregon-s3.s3.us-west-2.amazonaws.com/orgid-431168/flowpublicid-kdFWQQWTckus/a15fe92e-6185-4288-9b27-0ba311835c44-xPJxWAyGkT9aUbWbwaar79W1L8Nj6tMFpnPRsXHuhDqXkvwAvrCjzg2FvOp3yvAZcL64ZghjDekYuFb73OLNOnH8WfXE3FtZgZM/WA_1778640568540.jpg | AQ27: 2 | AR27: 0 | AS27: 1 | AT27: 0 | AU27: 2 | AV27: 0 | AW27: 2 | AX27: 0 | AY27: 3 | AZ27: 15000000 | BA27: 1 | BB27: 80000000 | BC27: 0 | BE27: 0 | BG27: teguh imam waskito, juma'ati, Mohammad Bayu Nanda waskito, Denny Dwi waskito, Muhammad risky tri waskito | BH27: PRIYATNO | BI27: None | BJ27: https://build.fillout.com/editor/kdFWQQWTckus/results?sessionId=2f9e456a-114c-465b-9594-28b74ae58635 | BK27: 04185b05bdb233ac9e644c693e2681dc
A28: 541cfc59-5f2f-4de6-bb30-50d30610eaa4 | B28: Wed May 13 2026 10:37:00 GMT+0700 (Western Indonesia Time) | C28: Wed May 13 2026 09:56:00 GMT+0700 (Western Indonesia Time) | D28: finished | E28: Ending | F28: 107 | G28: 2026-05-13 | H28: SRI WINARTI | I28: Kariyono | J28: 3515031001093462 | K28: https://prod-fillout-oregon-s3.s3.us-west-2.amazonaws.com/orgid-431168/flowpublicid-kdFWQQWTckus/6d69c831-e60c-4983-b06a-3aa4e39fea5d-UFJTRaigR040iKULlUlYoprCl7ZTRb0Hxtcfw3euEF7laOxSiuz3qCA3gfUU115LjD9lBoQT0AxdGGg5JYDYMKLvaTzrGRcEMkF/WA_1778637610348.jpg | L28: Sunarkom | M28: Waung | N28: RT 007 RW 004 | O28: 1 | Q28: 2 | R28: 1 | S28: 1 | U28: 50 | V28: 2 | W28: 1 | X28: 1 | Y28: 1 | Z28: 2 | AA28: 1 | AB28: 1 | AC28: 1 | AD28: 1 | AE28: 2 | AF28: 1 | AG28: 1 | AH28: 2 | AL28: 75000 | AM28: 50000 | AN28: https://prod-fillout-oregon-s3.s3.us-west-2.amazonaws.com/orgid-431168/flowpublicid-kdFWQQWTckus/feeb6bfb-b38f-4f9e-9b9a-bab3cd5124b5-s3WfSWewi6EYQQJ9JSwLAy7zSeEeOS718b6m9ZE2hiBbfTkLRyoaJExfna6MQyZ2vLKj3Z62mhjAWalFOhuBqps4dqljYgmdTXD/1000422984.jpg | AO28: https://prod-fillout-oregon-s3.s3.us-west-2.amazonaws.com/orgid-431168/flowpublicid-kdFWQQWTckus/46989b71-eb12-4e74-b5d2-aa403a2eeea9-MEtzzjQKpPM8C946V8YcGe8giVzhrbwNTGen7OPMnc2kN81cH17GDsPpdR6jWAmUK1wOd1OW8cc9cxf0Aki3LT8G9d2o3dE7iVl/1000422940.jpg | AP28: https://prod-fillout-oregon-s3.s3.us-west-2.amazonaws.com/orgid-431168/flowpublicid-kdFWQQWTckus/1072e161-d128-4966-8e09-d61faff41cde-bcbhIIXgUupts7PBUsMxkRsLWkSMhuhKe0l6q0Jk0jeHvS8arDqvA6i3lVwxcMCxABVNwkynjg1aNhwaiQXx9W1OOCRd9GHBRGI/1000422990.jpg | AQ28: 2 | AR28: 0 | AS28: 1 | AT28: 0 | AU28: 0 | AV28: 0 | AW28: 2 | AX28: 0 | AY28: 1 | AZ28: 3000000 | BA28: 0 | BC28: 0 | BE28: 0 | BG28: Kariyono, Sunarkom | BH28: SRI WINARTI | BI28: None | BJ28: https://build.fillout.com/editor/kdFWQQWTckus/results?sessionId=541cfc59-5f2f-4de6-bb30-50d30610eaa4 | BK28: 04ffa5e8f3e8fbf982ef7ae5d8a41dbf
A29: 5330375f-40aa-43c5-a987-6760e7cdc8df | B29: Wed May 13 2026 11:05:00 GMT+0700 (Western Indonesia Time) | C29: Wed May 13 2026 10:38:00 GMT+0700 (Western Indonesia Time) | D29: finished | E29: Ending | F29: 107 | G29: 2026-05-13 | H29: SRI WINARTI | I29: Masrul Abidin A.A | J29: 3515031402170004 | K29: https://prod-fillout-oregon-s3.s3.us-west-2.amazonaws.com/orgid-431168/flowpublicid-kdFWQQWTckus/5f3c7a77-83dd-49d8-a1eb-048963788496-0nbdHcLmCyiZ8Xe1VZZHVrhfdQIFochvnYu1NjCyaEpAoJuMx23qnuX7gRTZhQKNAtPJRZbC0lxDwYh4z0l2fzSDwD05o7QSRwn/WA_1778637655519.jpg | L29: Tri Harumil | M29: Waung | N29: RT 007 RW 004 | O29: 1 | Q29: 2 | R29: 3 | U29: 50 | V29: 2 | W29: 1 | X29: 1 | Y29: 1 | Z29: 2 | AA29: 1 | AB29: 1 | AC29: 1 | AD29: 1 | AE29: 2 | AF29: 2 | AL29: 75000 | AM29: 50000 | AN29: https://prod-fillout-oregon-s3.s3.us-west-2.amazonaws.com/orgid-431168/flowpublicid-kdFWQQWTckus/e31fbbb7-9cff-49ae-8a7a-528730c5151c-jWOpwwtWbnz0y7xg8cgICKnChVCUtpYKPcBSgWsn2GSmlo3Eb9g0t7ImBInpLspQobt1gxoQzbFCXvlLqXL5NT35WyuVF9n2ApX/1000422984.jpg | AO29: https://prod-fillout-oregon-s3.s3.us-west-2.amazonaws.com/orgid-431168/flowpublicid-kdFWQQWTckus/2b463ff6-f352-4f5c-93f6-95c143d37016-HwfJbIk642fraUSFm7tScqCgk1rcK9ig3MA6WqtsPUFnGF0yGH1VTXOY08HKjzKgvQ3dAYrop9zdGV4E8nGe44RC584xngmCwXx/1000422940.jpg | AP29: https://prod-fillout-oregon-s3.s3.us-west-2.amazonaws.com/orgid-431168/flowpublicid-kdFWQQWTckus/4b278e6c-f20c-4772-94f8-7c34a5b334ee-0oVGITneOFSJlcGauvAdbGMzRz6Fe0dkaMocGVBMzv3vfOg8EdnudNeQPN9QL3kD0eaHp7qF7d0gJANANbAMrJyAkteKiPFVleY/1000422990.jpg | AQ29: 0 | AR29: 0 | AS29: 0 | AT29: 0 | AU29: 0 | AV29: 0 | AW29: 1 | AX29: 0 | AY29: 1 | AZ29: 8000000 | BA29: 0 | BC29: 0 | BE29: 0 | BG29: Masrul Abidin A.A, Tri Harumil, Muhammmad Azka Al Achyar, Muhammmad Davian Revano | BH29: SRI WINARTI | BI29: None | BJ29: https://build.fillout.com/editor/kdFWQQWTckus/results?sessionId=5330375f-40aa-43c5-a987-6760e7cdc8df | BK29: 2ed216414a105846b4520f43e8c94ae1
A30: 014e81cd-cdef-433c-9156-5ddd33708d15 | B30: Wed May 13 2026 11:06:00 GMT+0700 (Western Indonesia Time) | C30: Wed May 13 2026 10:31:00 GMT+0700 (Western Indonesia Time) | D30: finished | E30: Ending | F30: 108 | G30: 2026-05-13 | H30: PRIYATNO | I30: teguh wahyudi | J30: 3515030504180005 | K30: https://prod-fillout-oregon-s3.s3.us-west-2.amazonaws.com/orgid-431168/flowpublicid-kdFWQQWTckus/8180fa6c-30ba-45b5-908a-37e6f6030947-oi2MU2KMyPxxksc3C2GGM4JnlZoZjQB2gVskLdoDW6O3yJpTDtRYqF9tm1yWjSy2pJhj4ZAtieniQGvsf6OIzxrn8FKZXhxllSe/WA_1778643210897.jpg | L30: Windi lestari | M30: waung | N30: RT 008 RW 004 | O30: 1 | Q30: 1 | R30: 1 | S30: 1 | U30: 140 | V30: 2 | W30: 1 | X30: 1 | Y30: 1 | Z30: 2 | AA30: 1 | AB30: 1 | AC30: 1 | AD30: 1 | AE30: 7 | AF30: 1 | AG30: 1 | AH30: 2 | AL30: 150000 | AM30: 100000 | AN30: https://prod-fillout-oregon-s3.s3.us-west-2.amazonaws.com/orgid-431168/flowpublicid-kdFWQQWTckus/047f44d7-821d-4eb4-8146-f8c91228cd9d-YCZkidQh1WkYeYGJ7l7hvIb8ImgIRx8ULocxS0CVTVwbsVJZ08adn9Ciyol1GLSpDry4GALi1uqrLJZS8icRaclpnonW4G7Zt3x/WA_1778642937968.jpg | AO30: https://prod-fillout-oregon-s3.s3.us-west-2.amazonaws.com/orgid-431168/flowpublicid-kdFWQQWTckus/dc0a45b2-2a83-43ea-8ad8-7e4b83eab9ea-qI6ABedfwq5QNByK5sHQmY3kX6UcqlB8QGZFNpYHE23Lk9RZgOQmPsDcjjW6vXhLQr7dLkzZttR8GkbkVicI4vYBFWDsZguckEu/WA_1778642964358.jpg | AP30: https://prod-fillout-oregon-s3.s3.us-west-2.amazonaws.com/orgid-431168/flowpublicid-kdFWQQWTckus/41501954-9c75-4d2d-ae2b-94cea3674942-K3AItfsKAPJzYlrovjoh158w69S5aQTC9GswNaWc5QA5UJGgXjhNEZNwnyRayZ9J101EmAKLRNmZxbrwGhqM0mupSCMEJhSutSu/WA_1778642996835.jpg | AQ30: 1 | AR30: 0 | AS30: 1 | AT30: 0 | AU30: 1 | AV30: 0 | AW30: 1 | AX30: 0 | AY30: 1 | AZ30: 5000000 | BA30: 0 | BC30: 0 | BE30: 0 | BG30: teguh wahyudi, Windi lestari, Dimas Eka tewin prasetia wahyudi | BH30: PRIYATNO | BI30: None | BJ30: https://build.fillout.com/editor/kdFWQQWTckus/results?sessionId=014e81cd-cdef-433c-9156-5ddd33708d15 | BK30: 04185b05bdb233ac9e644c693e2681dc
A31: 1ed72212-8364-4344-9ee0-14fb3f10857f | B31: Wed May 13 2026 11:16:00 GMT+0700 (Western Indonesia Time) | C31: Wed May 13 2026 10:51:00 GMT+0700 (Western Indonesia Time) | D31: finished | E31: Ending | F31: 104 | G31: 2026-05-13 | H31: SITI AISYAH | I31: Supriyanto | J31: 3515031001093353 | K31: https://prod-fillout-oregon-s3.s3.us-west-2.amazonaws.com/orgid-431168/flowpublicid-kdFWQQWTckus/dfdc97c3-efd7-4bce-be6d-66cee4aa5ac9-54mdJEX9ijcnHQbyZN6TWo6tH8hMK0ddrAbCvlkLhV0fpvuX9MTtpeCuB2fYnkHdovR28FgUYkOJXAja1q3UyfSO2oFz9G0E3Zh/Kk-supriyanto4.jpg | L31: Supriyanto | M31: Waung | N31: RT 004 RW 002 | O31: 1 | Q31: 1 | R31: 1 | S31: 1 | U31: 96 | V31: 2 | W31: 1 | X31: 1 | Y31: 1 | Z31: 2 | AA31: 1 | AB31: 1 | AC31: 1 | AD31: 1 | AE31: 7 | AF31: 1 | AG31: 1 | AH31: 1 | AL31: 45000 | AM31: 0 | AN31: https://prod-fillout-oregon-s3.s3.us-west-2.amazonaws.com/orgid-431168/flowpublicid-kdFWQQWTckus/af82a660-9f0f-4cf9-9db5-3fbe6619b0b7-fvRd5n2sK0qhuKCRBsjWzmgsxOU3PpHlFic6tML6r2z6b456DJ3wnCSOqReAjpUv8YgKz4lutzakLNHlm9KvF8JuL00p1ApYg5l/216167.jpg | AO31: https://prod-fillout-oregon-s3.s3.us-west-2.amazonaws.com/orgid-431168/flowpublicid-kdFWQQWTckus/11daf675-dcb8-4df4-86d4-7bdfc0143955-VWhoGTFIkETRKNy6TMAHrm2GiLCN3c4f16a59bxenRwlV4RDYMz344ELA249hv7ky6uExdoskBtxKXMRRydtnO9BWXc966TVHC9/216327.jpg | AP31: https://prod-fillout-oregon-s3.s3.us-west-2.amazonaws.com/orgid-431168/flowpublicid-kdFWQQWTckus/f482880c-b2b8-4a8d-a741-9975e065f73f-e2gzH6FsQDIVVtcZw6xX1iKsYDIb7WypJM9G48oivatYOD8SPGx7XzeCxmfGfDT2I39HUX5VnmAJvHQfbJmOFA859YbGvqGIa5r/216329.jpg | AQ31: 1 | AR31: 0 | AS31: 1 | AT31: 0 | AU31: 0 | AV31: 0 | AW31: 0 | AX31: 0 | AY31: 1 | AZ31: 15000000 | BA31: 0 | BC31: 0 | BE31: 0 | BG31: Supriyanto | BH31: SITI AISYAH | BI31: None | BJ31: https://build.fillout.com/editor/kdFWQQWTckus/results?sessionId=1ed72212-8364-4344-9ee0-14fb3f10857f | BK31: 87b2be06fe24b23c1179242f77cbe214
A32: f4bd3b10-1ff1-4ad9-b6cd-3cb818a903a9 | B32: Wed May 13 2026 12:19:00 GMT+0700 (Western Indonesia Time) | C32: Wed May 13 2026 11:55:00 GMT+0700 (Western Indonesia Time) | D32: finished | E32: Ending | F32: 108 | G32: 2026-05-13 | H32: PRIYATNO | I32: suyono | J32: 3515031001093485 | K32: https://prod-fillout-oregon-s3.s3.us-west-2.amazonaws.com/orgid-431168/flowpublicid-kdFWQQWTckus/0dbb09db-7dfc-4a19-9153-6b7934fc1a25-5UoBZYlYcuMciFN5ex12KcUB0h43H3R6BZjkMso55eoygPMvDaRs2mMTZGcMLwVkkJEQpwDRXlTpRw2oyh7TDY6myg0Th6sWsJS/WA_1778648193790.jpg | L32: Siti maisyaroh | M32: waung | N32: RT 008 RW 004 | O32: 1 | Q32: 1 | R32: 1 | S32: 1 | U32: 70 | V32: 2 | W32: 1 | X32: 1 | Y32: 1 | Z32: 2 | AA32: 1 | AB32: 1 | AC32: 1 | AD32: 1 | AE32: 7 | AF32: 1 | AG32: 1 | AH32: 2 | AL32: 200000 | AM32: 25000 | AN32: https://prod-fillout-oregon-s3.s3.us-west-2.amazonaws.com/orgid-431168/flowpublicid-kdFWQQWTckus/4dcad015-d77c-4ff2-b0b2-e889b9f322fe-kVbhku8CvPzLRbZQgqZF77QCafJjd2aIO9CTOoA39XoJSxkdvgXCEDdMLl9gEdbQhjkaZip2HkMaGbw5ANnj5wRW2kRQEQ260sG/WA_1778647924774.jpg | AO32: https://prod-fillout-oregon-s3.s3.us-west-2.amazonaws.com/orgid-431168/flowpublicid-kdFWQQWTckus/9c17b2bd-bc0a-406a-947c-364bdad4cdfa-rJzudhyq8XlKeE23wAgbAlHkH5QRhOViFFtD4UVQHoxmGoVwGA8fS9pPodc46vYT5o3jcQQJCZePh1cwFNfwPseBhlVb8vuNXeb/WA_1778647955222.jpg | AP32: https://prod-fillout-oregon-s3.s3.us-west-2.amazonaws.com/orgid-431168/flowpublicid-kdFWQQWTckus/743becde-144c-4596-b025-dc5d53f6a971-oI8yzEftUHjBkxudatzGOt0aTqxDEGTx9x8VFg2wJ6NO9haAzyOEBmUhxt7yRx56mhhXNt1HCkOy00mfSwBi68k1OMbks68NBQK/WA_1778647995193.jpg | AQ32: 1 | AR32: 0 | AS32: 1 | AT32: 0 | AU32: 5 | AV32: 0 | AW32: 1 | AX32: 0 | AY32: 1 | AZ32: 8000000 | BA32: 1 | BB32: 6000000 | BC32: 0 | BE32: 0 | BG32: suyono, Siti maisyaroh, Moch. adi saputra, damah | BH32: PRIYATNO | BI32: None | BJ32: https://build.fillout.com/editor/kdFWQQWTckus/results?sessionId=f4bd3b10-1ff1-4ad9-b6cd-3cb818a903a9 | BK32: 04185b05bdb233ac9e644c693e2681dc
A33: 990e9f53-9954-4691-b170-a9549bfab5c1 | B33: Wed May 13 2026 12:28:00 GMT+0700 (Western Indonesia Time) | C33: Wed May 13 2026 11:18:00 GMT+0700 (Western Indonesia Time) | D33: finished | E33: Ending | F33: 104 | G33: 2026-05-13 | H33: SITI AISYAH | I33: Moch Suwanto | J33: 3515031001093366 | K33: https://prod-fillout-oregon-s3.s3.us-west-2.amazonaws.com/orgid-431168/flowpublicid-kdFWQQWTckus/8cf8605f-6065-452c-b1e2-1b5b42d03cc3-eSMlfY68vXqLMzPulzUUZp3Hd2x5brt9K6eLlujYYb9BNvgRwv873Qjdu46OSxGPq0NdNVxwBUT6HH47iVt9p47weK275EnqgZc/KK-M-suwanto.jpg | L33: Moch Suwanto | M33: Waung | N33: RT 004 RW 002 | O33: 1 | Q33: 1 | R33: 1 | S33: 1 | U33: 70 | V33: 2 | W33: 1 | X33: 1 | Y33: 1 | Z33: 2 | AA33: 1 | AB33: 1 | AC33: 1 | AD33: 1 | AE33: 7 | AF33: 1 | AG33: 1 | AH33: 1 | AL33: 90 | AM33: 100000 | AN33: https://prod-fillout-oregon-s3.s3.us-west-2.amazonaws.com/orgid-431168/flowpublicid-kdFWQQWTckus/20060569-e101-4840-931d-029f8a175985-dlvYH0cdU7QfIb1HoZjBrZjG1wrRX17FY42ZGXeyZNQSqMD9poU93RPQeejgrRLmHeXqXWFmSdHkRLl17r8OOuePPc6MbMEB3yf/216283.jpg | AO33: https://prod-fillout-oregon-s3.s3.us-west-2.amazonaws.com/orgid-431168/flowpublicid-kdFWQQWTckus/defa67e9-6aa6-4148-a782-84d3ca28dc5e-qcrV3wIE5wGPi5F2WQF6IHNTw8zYXEQvPrVs8nzptRMr2n6Obzou5DiYJstcF5iQRfRmOq3C5WMyWI1xPwoStapwgWYsCWS0Kah/216348.jpg | AP33: https://prod-fillout-oregon-s3.s3.us-west-2.amazonaws.com/orgid-431168/flowpublicid-kdFWQQWTckus/ed92c5cc-fcd8-46b0-b7d4-8261063e24c9-ujqlVATiefC4C3K8jGD2MAKt51Xe2Oc1lyLqY5hq6mGLiLR0QPaKjSR1PgctwO3olGChRvJXsNYoTq84IpqWcvgBMuza5xpHYQP/216350.jpg | AQ33: 1 | AR33: 0 | AS33: 1 | AT33: 0 | AU33: 10 | AV33: 0 | AW33: 1 | AX33: 0 | AY33: 2 | AZ33: 15000000 | BA33: 0 | BC33: 0 | BE33: 0 | BG33: Moch Suwanto, Widarti, Rivan Andawinalwan, Rico Dwi Firmansyah, Revalina Putri Anggraini | BH33: SITI AISYAH | BI33: None | BJ33: https://build.fillout.com/editor/kdFWQQWTckus/results?sessionId=990e9f53-9954-4691-b170-a9549bfab5c1 | BK33: 87b2be06fe24b23c1179242f77cbe214
A34: 27658fce-688f-4bde-9608-a711ac9f445c | B34: Wed May 13 2026 13:31:00 GMT+0700 (Western Indonesia Time) | C34: Tue May 12 2026 21:22:00 GMT+0700 (Western Indonesia Time) | D34: finished | E34: Ending | F34: 105 | G34: 2026-05-12 | H34: WAHYUNI DWI SUSANTI | I34: Sunarti | J34: 3515031611210001 | K34: https://prod-fillout-oregon-s3.s3.us-west-2.amazonaws.com/orgid-431168/flowpublicid-kdFWQQWTckus/2ca661e5-a5ad-47c9-a828-3cca11b87510-PPZxkEi57iE1A0CVElEbKVneV5v05u5RBDV3TSkd706vo3Zc0IZypuKlXgVyK1RnDWIfHVrGkVq97xuXHhnvuKOwk5jJUVaRyx3/Screenshot_20260512_210333_CamScanner.jpg | L34: Sunarti | M34: Waung | N34: RT 005 RW 003 | O34: 1 | Q34: 2 | R34: 1 | S34: 1 | U34: 75 | V34: 2 | W34: 1 | X34: 1 | Y34: 1 | Z34: 2 | AA34: 1 | AB34: 1 | AC34: 1 | AD34: 1 | AE34: 1 | AF34: 1 | AG34: 1 | AH34: 2 | AL34: 300000 | AM34: 100000 | AN34: https://prod-fillout-oregon-s3.s3.us-west-2.amazonaws.com/orgid-431168/flowpublicid-kdFWQQWTckus/2bcaa815-f991-482b-8d83-28772e17ff43-YMt8jYgEMufM6rBNxqqjTquB4oSm2tIS5XgYfJHLKDPbeNdQrhE2NcTATTi4t6IvTA0jNT5TSGC3iVdrGVjvOm6TDYfqNOI433S/1001030465.jpg | AO34: https://prod-fillout-oregon-s3.s3.us-west-2.amazonaws.com/orgid-431168/flowpublicid-kdFWQQWTckus/5c9c84ab-bc62-4ebd-b66b-72f48cd7ebb0-2m0zbFXIXqR8StA0jCHcTb0xyIz4KmAcpBwTDZYSM3PGGznkUzlVKrjHjnonk1DvL2GorAcHb0AkGTqUyUWuHLH4rN0GDAxvFZW/1001030468.jpg | AP34: https://prod-fillout-oregon-s3.s3.us-west-2.amazonaws.com/orgid-431168/flowpublicid-kdFWQQWTckus/41707c8b-59b4-4410-adc2-ec1a053ec9ea-5aTVEjffS7EfFyprsXQ3PIeectsr6E1UgjBKuEUWBM1DV8I3XFTiihEHWi2QwDNhQ2rrN2hK5z0gW027dhbkRKYR7lwxoq7mMze/1001030470.jpg | AQ34: 2 | AR34: 0 | AS34: 1 | AT34: 0 | AU34: 10 | AV34: 0 | AW34: 1 | AX34: 0 | AY34: 2 | AZ34: 22000000 | BA34: 1 | BB34: 80000000 | BC34: 0 | BE34: 0 | BG34: Sunarti | BH34: WAHYUNI DWI SUSANTI | BI34: None | BJ34: https://build.fillout.com/editor/kdFWQQWTckus/results?sessionId=27658fce-688f-4bde-9608-a711ac9f445c | BK34: e2e09caa8dce38633385a5c792cea6ab
A35: 614f7493-d346-4bcb-90e1-93edad3564f9 | B35: Wed May 13 2026 13:33:00 GMT+0700 (Western Indonesia Time) | C35: Wed May 13 2026 12:48:00 GMT+0700 (Western Indonesia Time) | D35: finished | E35: Ending | F35: 104 | G35: 2026-05-13 | H35: SITI AISYAH | I35: Arif Sugiharto | J35: 3515031001093390 | K35: https://prod-fillout-oregon-s3.s3.us-west-2.amazonaws.com/orgid-431168/flowpublicid-kdFWQQWTckus/5fb5c9ae-0e20-48f4-aa94-8ee09b5f18df-H9excj7yTS8iGokuowVjb7A09n0sX63WY4wFEKOrR8Lrd5eKR06Q3i8MevYBVAAzmuTpUOl1TtdsQxGuNvWEVA6TaGJWoc9vZHX/KK-Arif.jpg | L35: Arif Sugiharto | M35: Waung | N35: RT 004 RW 002 | O35: 1 | Q35: 1 | R35: 1 | S35: 1 | U35: 90 | V35: 2 | W35: 1 | X35: 1 | Y35: 1 | Z35: 1 | AA35: 1 | AB35: 1 | AC35: 1 | AD35: 1 | AE35: 1 | AF35: 1 | AG35: 1 | AH35: 2 | AL35: 350000 | AM35: 350000 | AN35: https://prod-fillout-oregon-s3.s3.us-west-2.amazonaws.com/orgid-431168/flowpublicid-kdFWQQWTckus/b6328c2a-297c-42c6-9eab-76f2f75d43a7-LPHhwPtph0XWvXwK8aFWu50jUdT2ZwnqL6alg5U88Ypw2CnkHiGA1Fe60ReudG9sOF1WbjMhtoceuuIshQm5XXohT55Fo5sE7C9/216408.jpg | AO35: https://prod-fillout-oregon-s3.s3.us-west-2.amazonaws.com/orgid-431168/flowpublicid-kdFWQQWTckus/5bad4ca8-eec8-46b5-9c9f-099bd084c0cf-pz9IlmnjVHejvynYXLNSNRMQAIXOdpfFU6BDbyA2VM6oFzoIGNnYlg00YuQ97GojSY1fP2cIeO0Z0X42K5rmnz2V52TSXUJH0Ij/216411.jpg | AP35: https://prod-fillout-oregon-s3.s3.us-west-2.amazonaws.com/orgid-431168/flowpublicid-kdFWQQWTckus/aa3e7703-a1b6-4ab9-a9a9-4b86009a761b-O23KvvwOrvnrURUlk8F5y8sLxZZX3iYOvAET2nrMZKJ1LvIEJw7vs9H1IbPBQScka5h8lRkpfWndspnKOeAi4TSvtb2vxNDnrH2/216415.jpg | AQ35: 3 | AR35: 0 | AS35: 1 | AT35: 1 | AU35: 50 | AV35: 2 | AW35: 1 | AX35: 0 | AY35: 3 | AZ35: 55000000 | BA35: 0 | BC35: 0 | BE35: 0 | BG35: Arif Sugiharto, Leny Prekowati, Radlwa Rosyidah, Rahma Salsabila | BH35: SITI AISYAH | BI35: None | BJ35: https://build.fillout.com/editor/kdFWQQWTckus/results?sessionId=614f7493-d346-4bcb-90e1-93edad3564f9 | BK35: 87b2be06fe24b23c1179242f77cbe214
A36: 35ff5d99-20eb-4d22-ae18-ecfbb564c9d2 | B36: Wed May 13 2026 13:53:00 GMT+0700 (Western Indonesia Time) | C36: Wed May 13 2026 13:32:00 GMT+0700 (Western Indonesia Time) | D36: finished | E36: Ending | F36: 105 | G36: 2026-05-13 | H36: WAHYUNI DWI SUSANTI | I36: Evi Dwi Jayanti | J36: 3515032912210006 | K36: https://prod-fillout-oregon-s3.s3.us-west-2.amazonaws.com/orgid-431168/flowpublicid-kdFWQQWTckus/35dc0615-e01b-4fe9-a519-4d3915ec89c4-RAN5YANp6QOAakgJgEp4mYfPAL7mOSC5VsAI6zWglfyEXCIaJ9KrSB339Roj9Rh8bftAYufxiuELgIxXVBM2TRjH5znsw6cbQUd/Screenshot_20260512_210611_CamScanner.jpg | L36: Sunarti | M36: Waung | N36: RT 005 RW 003 | O36: 1 | Q36: 2 | R36: 3 | U36: 75 | V36: 2 | W36: 1 | X36: 1 | Y36: 1 | Z36: 2 | AA36: 1 | AB36: 1 | AC36: 1 | AD36: 1 | AE36: 1 | AF36: 2 | AL36: 0 | AM36: 100000 | AN36: https://prod-fillout-oregon-s3.s3.us-west-2.amazonaws.com/orgid-431168/flowpublicid-kdFWQQWTckus/b99682e5-5824-434f-a7bf-6cacd01bd840-GsDJoNKpRu5I40iD3r7iiDZ4Scth3XOZhT0TrOM2j57NIiyBUufFR0mWt3T7yOeZ2CddA8vLskRES4ziNFJf7ynYgtGdYBmZFu8/1001030465.jpg | AO36: https://prod-fillout-oregon-s3.s3.us-west-2.amazonaws.com/orgid-431168/flowpublicid-kdFWQQWTckus/dc464afa-a669-4ab0-aacd-c8fd88ada96c-R7JsOEp8igNJzc2QbEciI9imnUKnT7MJ2WVwGLnC5kchBbygSreO1O5i8ElqZVrs06nQqg2S1hL0huC4ch3TrowFhAXWz8n4th2/1001030468.jpg | AP36: https://prod-fillout-oregon-s3.s3.us-west-2.amazonaws.com/orgid-431168/flowpublicid-kdFWQQWTckus/8ba54fd4-d8e0-47df-b99a-c72ad8c54753-ZhMbVBttwpWDUflfihE5TYkAQgJXKUqFsMB5RnVXRwKc8Dh9dX0dM7SuuP0ugbMArof9Jn7jhiWSBxbPr0Qr4CWxc5lC2qSXjol/1001030470.jpg | AQ36: 1 | AR36: 0 | AS36: 1 | AT36: 0 | AU36: 2 | AV36: 0 | AW36: 1 | AX36: 0 | AY36: 0 | BA36: 0 | BC36: 0 | BE36: 0 | BG36: Evi Dwi Jayanti, Nadya Karina Saputri | BH36: WAHYUNI DWI SUSANTI | BI36: None | BJ36: https://build.fillout.com/editor/kdFWQQWTckus/results?sessionId=35ff5d99-20eb-4d22-ae18-ecfbb564c9d2 | BK36: e2e09caa8dce38633385a5c792cea6ab
A37: 0de348a2-e8a5-4e82-b3be-7dac474df963 | B37: Wed May 13 2026 14:25:00 GMT+0700 (Western Indonesia Time) | C37: Wed May 13 2026 13:55:00 GMT+0700 (Western Indonesia Time) | D37: finished | E37: Ending | F37: 105 | G37: 2026-05-13 | H37: WAHYUNI DWI SUSANTI | I37: Nunuk Wilujeng | J37: 3515030501260003 | K37: https://prod-fillout-oregon-s3.s3.us-west-2.amazonaws.com/orgid-431168/flowpublicid-kdFWQQWTckus/2be08150-2c17-4009-93a1-bd505e137dc8-8ttHz4D0uFiB5JRuVjAcVdchz3pZ1mFUb7XSr6gOlrCXazZHNQ8wL0mPh9CNjCs20I56UFPdAZPEtwMdN5Xx0jqy1RWukvh3IRo/Screenshot_20260512_211153_CamScanner.jpg | L37: Nunuk Wilujeng | M37: Waung | N37: RT 005 RW 003 | O37: 1 | Q37: 1 | R37: 1 | S37: 1 | U37: 180 | V37: 2 | W37: 1 | X37: 1 | Y37: 1 | Z37: 2 | AA37: 1 | AB37: 1 | AC37: 1 | AD37: 1 | AE37: 1 | AF37: 1 | AG37: 1 | AH37: 3 | AL37: 500000 | AM37: 130000 | AN37: https://prod-fillout-oregon-s3.s3.us-west-2.amazonaws.com/orgid-431168/flowpublicid-kdFWQQWTckus/882c08dc-5e25-4bef-8829-cfa5cd016a66-ZvUgca51Rp66gOyMrUgEmlMNbIl3x5gBsoO7zD5Pj40tAHDH6TsuAfAVKIVlLrFOwbQncmq29oowhFSmjoBfIwg4KXBoFvB9I8v/1001030434.jpg | AO37: https://prod-fillout-oregon-s3.s3.us-west-2.amazonaws.com/orgid-431168/flowpublicid-kdFWQQWTckus/beffc7d9-1931-44e8-bbaa-291a809cf8da-yvQshyjC2Eip96EaFDW4ar57ZPivMQlsbrnMDZnxbhv14WdxzQ0nfuyDRrjDk5opgRj5KNpKhqfCUoa3G42shcTMIWZs15d0xdN/1001030443.jpg | AP37: https://prod-fillout-oregon-s3.s3.us-west-2.amazonaws.com/orgid-431168/flowpublicid-kdFWQQWTckus/54021eeb-55c1-458c-b629-63675f9f39d2-1SEp4GdiEycyXB2S0ZE8ey1AxpFDHVDGuVJ7WASPN8Xvy8wWbqOt1AinuKkR1Rc5LlaQljfkQSwdykLmLmhuTofdHNtrSTY4Uvk/1001030435.jpg | AQ37: 3 | AR37: 0 | AS37: 2 | AT37: 1 | AU37: 0 | AV37: 0 | AW37: 1 | AX37: 0 | AY37: 2 | AZ37: 12000000 | BA37: 0 | BC37: 0 | BE37: 0 | BG37: Nunuk Wiljeng | BH37: WAHYUNI DWI SUSANTI | BI37: None | BJ37: https://build.fillout.com/editor/kdFWQQWTckus/results?sessionId=0de348a2-e8a5-4e82-b3be-7dac474df963 | BK37: e2e09caa8dce38633385a5c792cea6ab
A38: ac886731-13fe-4a3f-8ceb-9e0d42950d61 | B38: Wed May 13 2026 15:38:00 GMT+0700 (Western Indonesia Time) | C38: Tue May 12 2026 12:51:00 GMT+0700 (Western Indonesia Time) | D38: finished | E38: Ending | F38: 102 | G38: 2026-05-12 | H38: WIWIK INDARTI | I38: Desy harianto | J38: 3515030212150001 | K38: https://prod-fillout-oregon-s3.s3.us-west-2.amazonaws.com/orgid-431168/flowpublicid-kdFWQQWTckus/81fe63ac-2b45-4f90-8c02-afd31934a3ce-gD5WmVo8XO79CMC0YP5Raxs9uzb8awuJgiRlxQM7rZqbzlacOX3FoF7H7M8bDIXRoNrgzMdmb9VDpNre7o7xCJVk2ELPyWrlT6A/0e039f7b-63be-4e49-b2a8-7616bacb0d5a.jpg | L38: Etik lidiawati | M38: Waung | N38: RT 002 RW 001 | O38: 1 | Q38: 2 | R38: 3 | U38: 30 | V38: 2 | W38: 1 | X38: 1 | Y38: 1 | Z38: 2 | AA38: 1 | AB38: 1 | AC38: 1 | AD38: 1 | AE38: 4 | AF38: 3 | AL38: 1300 | AM38: 480 | AN38: https://prod-fillout-oregon-s3.s3.us-west-2.amazonaws.com/orgid-431168/flowpublicid-kdFWQQWTckus/af229912-a1aa-4d74-a09e-7065e1239d23-VcPSLrrfrV6y1dGGnfOWzXhogizR1AaEhZrMV652L5j2dx4Lbignjkq8lXuWqaklq1T5NYQhPs01W86pZjuKHeQpu8ZeX6l04AQ/b2815775-219c-4741-b14c-e57d9d58b505.jpg | AO38: https://prod-fillout-oregon-s3.s3.us-west-2.amazonaws.com/orgid-431168/flowpublicid-kdFWQQWTckus/733a1b5d-17a4-445c-8e60-2b3204cc5d09-mt7dXOuob5Z3offsZVBVM6IlQr5ZuJCAaeoLDRRoRZUTMiPsypEKrB9y6B8yIj5BhPYJdNRrUcYqDxkAG7YGLEhQJouS9dsNagJ/82ff0da4-6e1d-4f57-8690-b21257a2b66c.jpg | AP38: https://prod-fillout-oregon-s3.s3.us-west-2.amazonaws.com/orgid-431168/flowpublicid-kdFWQQWTckus/86df90b6-41a6-44dc-9924-57e9f8bb7f2d-125xrXcYJFF8dASNt1eDrCJUhWyLqBRziLsA1veZq1AUJLzdYFugQkb71EmKVCoU96odyZoY1ni65ggALRprFGXqSrHsEaip1lr/3f80b9fc-846e-4b78-8a35-ebae909a4c11.jpg | AQ38: 3 | AR38: 0 | AS38: 1 | AT38: 1 | AU38: 4 | AV38: 0 | AW38: 1 | AX38: 0 | AY38: 3 | AZ38: 40000000 | BA38: 0 | BC38: 0 | BE38: 0 | BG38: Desy Harianto, Etik Lidiawati, REMANOV DRAHWARDANA DYAKSA, KADEK AYUNDRA ADIYAKSA | BH38: WIWIK INDARTI | BI38: None | BJ38: https://build.fillout.com/editor/kdFWQQWTckus/results?sessionId=ac886731-13fe-4a3f-8ceb-9e0d42950d61 | BK38: cc1d1ff0e578949edf257bb3216531eb
A39: aef21792-96c5-4111-ae82-5a9acf5339fe | B39: Wed May 13 2026 15:43:00 GMT+0700 (Western Indonesia Time) | C39: Wed May 13 2026 14:56:00 GMT+0700 (Western Indonesia Time) | D39: finished | E39: Ending | F39: 110 | G39: 2026-05-13 | H39: NURUL AKHADIAH | I39: Anang Saputra | J39: 3515030112100003 | K39: https://prod-fillout-oregon-s3.s3.us-west-2.amazonaws.com/orgid-431168/flowpublicid-kdFWQQWTckus/9f06e06b-9c2d-41aa-b982-0ae7271cc7af-QXC0TXLwuXmtFCPAFIqkJ0OA0QSPDFduMfYer9XqCy9q6p7Xo9HQikK1EznmMNF1VN4ZNrKtkubm7VOmcs8SprLopRgbQj5breQ/KK-Etik.jpg | L39: Etik Nurmawati | M39: Desa Waung | N39: RT 010 RW 005 | O39: 1 | Q39: 1 | R39: 1 | S39: 1 | U39: 87 | V39: 2 | W39: 1 | X39: 1 | Y39: 1 | Z39: 4 | AA39: 1 | AB39: 1 | AC39: 1 | AD39: 1 | AE39: 7 | AF39: 1 | AG39: 1 | AH39: 2 | AL39: 80 | AM39: 100 | AN39: https://prod-fillout-oregon-s3.s3.us-west-2.amazonaws.com/orgid-431168/flowpublicid-kdFWQQWTckus/48d96b5b-8539-4009-b1bd-2e5c421b6f0f-z8qBPWBysM2umaEWftKnUsR5Kb1qJNuijG4xFQLNwhiiyJa9Yzg4jWlPYo88EMJlUYneS63KHG8XfonG52oAwuOLk30IJZwCiwy/1000781159.jpg | AO39: https://prod-fillout-oregon-s3.s3.us-west-2.amazonaws.com/orgid-431168/flowpublicid-kdFWQQWTckus/4d1265e6-3aa2-45a0-aef9-02b6e03f2ee7-NBepxRPJph48JPPVPtNy92Dfi7QHtbTwoqopRS9QpitkyWQADI7AC1Qj7dwOFkdDr7yVELkN4kYRrO31uE4StmdwMmoNSR8sd4s/1000781170.jpg | AP39: https://prod-fillout-oregon-s3.s3.us-west-2.amazonaws.com/orgid-431168/flowpublicid-kdFWQQWTckus/d18cc089-6808-46bd-bef7-80d795fc8915-R6wUgAzZggLoAlYxCq0djesqUB0s1aAEPTlkqa46x8nmGRZ2sFLYdn9MDb9aAQ3CitXEQHPDPQNCjTDi6hibeX24TEXIW4EZgzI/1000781172.jpg | AQ39: 1 | AR39: 0 | AS39: 1 | AT39: 0 | AU39: 4 | AV39: 0 | AW39: 1 | AX39: 0 | AY39: 2 | AZ39: 27 | BA39: 0 | BC39: 0 | BE39: 0 | BG39: Anang Saputro, Etik Nurmawati, Citra Ananda Fitriani, Syaqila Aprilia Nur Saputra | BH39: NURUL AKHADIAH | BI39: None | BJ39: https://build.fillout.com/editor/kdFWQQWTckus/results?sessionId=aef21792-96c5-4111-ae82-5a9acf5339fe | BK39: 91d22f4714f303157d11716cb9588443
A40: 70cb2a9b-c5d4-41ba-a350-43c4e2f85cab | B40: Wed May 13 2026 16:59:00 GMT+0700 (Western Indonesia Time) | C40: Wed May 13 2026 14:27:00 GMT+0700 (Western Indonesia Time) | D40: finished | E40: Ending | F40: 105 | G40: 2026-05-13 | H40: WAHYUNI DWI SUSANTI | I40: Suyanik | J40: 3515031001093369 | K40: https://prod-fillout-oregon-s3.s3.us-west-2.amazonaws.com/orgid-431168/flowpublicid-kdFWQQWTckus/39546416-1056-41e5-ae5a-09b18da14eef-6wPsPOiGR5oHA8QGSPPgrxgb0sKxFpvoXjpvjpAoKRGp1UuKxX4pwrL7AL9WuuNks8yZQwijaeGJpKBt4zCzeqWwE1zToIk14eq/Screenshot_20260513_084842_CamScanner.jpg | L40: Suyanik | M40: Waung | N40: RT 005 RW 003 | O40: 1 | Q40: 1 | R40: 1 | S40: 1 | U40: 120 | V40: 2 | W40: 1 | X40: 1 | Y40: 1 | Z40: 2 | AA40: 1 | AB40: 1 | AC40: 1 | AD40: 1 | AE40: 7 | AF40: 1 | AG40: 1 | AH40: 2 | AL40: 250000 | AM40: 150000 | AN40: https://prod-fillout-oregon-s3.s3.us-west-2.amazonaws.com/orgid-431168/flowpublicid-kdFWQQWTckus/0cf8515d-c7b1-4bd4-8057-336deab79ca8-VArhw7nJWdsNSQD4LVkEjpSANzJlT0JkBMDnLMqnwEecyGXlxyLNF1POVwk5XAVKvOFpw3zCFnmiOeoick2aGL7LaMkIBC8mm0y/1001031199.jpg | AO40: https://prod-fillout-oregon-s3.s3.us-west-2.amazonaws.com/orgid-431168/flowpublicid-kdFWQQWTckus/9080a42c-536d-4236-a933-b530d928cd66-C987vc8TmOsb8bzZCxOiUWBxLs95PF0aj2gbEvNESwkMNTjTO86bScB2kNQELd7SCy42xIW6hKLp6waLdC4pARysvRCrVJZhidB/1001031200.jpg | AP40: https://prod-fillout-oregon-s3.s3.us-west-2.amazonaws.com/orgid-431168/flowpublicid-kdFWQQWTckus/e84031eb-3da9-461e-b889-6913182ca48a-NkVtmbMLChxFhfHt0TQCtSGh2jahvdrSx3BYdNJOAhs3AaU6Fy6tAqC9OlTSTI54jLyNkPv17dF0YWQ0VUyT6RAs7g4h1Zzyxd1/1001031201.jpg | AQ40: 2 | AR40: 0 | AS40: 1 | AT40: 1 | AU40: 2 | AV40: 0 | AW40: 0 | AX40: 0 | AY40: 1 | AZ40: 10000000 | BA40: 1 | BB40: 80000000 | BC40: 0 | BE40: 0 | BG40: Suyanik, Ratno Ady Permadi, Raffasya Zayn Aqsa | BH40: WAHYUNI DWI SUSANTI | BI40: None | BJ40: https://build.fillout.com/editor/kdFWQQWTckus/results?sessionId=70cb2a9b-c5d4-41ba-a350-43c4e2f85cab | BK40: e2e09caa8dce38633385a5c792cea6ab
A41: 58d89fce-2786-4d9a-b3d4-a7f53ec23731 | B41: Wed May 13 2026 17:36:00 GMT+0700 (Western Indonesia Time) | C41: Wed May 13 2026 16:19:00 GMT+0700 (Western Indonesia Time) | D41: finished | E41: Ending | F41: 104 | G41: 2026-05-13 | H41: SITI AISYAH | I41: Kuswadi | J41: 3515031001093364 | K41: https://prod-fillout-oregon-s3.s3.us-west-2.amazonaws.com/orgid-431168/flowpublicid-kdFWQQWTckus/d8d886a9-1dd3-476c-bf53-e75cf26f1877-SDdmlYUJJbLeghvatBIakuC1uw7KJ1sSk60K6RX2hVG9UzJHQSaNOp08Cdeq6c0avQBDUqRwgENyyLgoPSO8HSjVNEnGwFljDJc/KK-Kuswadi.jpg | L41: Kuswadi | M41: Waung | N41: RT 004 RW 002 | O41: 1 | Q41: 2 | R41: 1 | S41: 1 | U41: 40 | V41: 2 | W41: 1 | X41: 1 | Y41: 1 | Z41: 2 | AA41: 1 | AB41: 1 | AC41: 1 | AD41: 1 | AE41: 7 | AF41: 1 | AG41: 1 | AH41: 2 | AL41: 80000 | AM41: 50000 | AN41: https://prod-fillout-oregon-s3.s3.us-west-2.amazonaws.com/orgid-431168/flowpublicid-kdFWQQWTckus/630b319f-40e8-43f4-94ae-061a2f04c8cc-uUo2sH2wnVMWjDmgJBRSOJ22INcO82F4Z3SOAQSNOaZaeagelNkITlzWXatvD8frw4B9lrrAJis1oQtEePVJ3vDNJyjOPLzCjj8/216530.jpg | AO41: https://prod-fillout-oregon-s3.s3.us-west-2.amazonaws.com/orgid-431168/flowpublicid-kdFWQQWTckus/485d87a5-08ff-4623-b8cf-cb311311127e-63X0txFlufJMLJ0ybjZUSRq49o592cj5Jv7YZ9HaMPhJ5xwyqqKtRfMMYGNBtEOSWGdQECX5NIqBOd7JJZZObMHtH4eBhuXD7IP/216532.jpg | AP41: https://prod-fillout-oregon-s3.s3.us-west-2.amazonaws.com/orgid-431168/flowpublicid-kdFWQQWTckus/ce015f8a-1ba8-416e-aaeb-f47ea665ebb5-M1IPssuhJUHU9TiHr3dib7mEp9TrTLKg19lYqFlYi1BYepFVdO7zr7KBR8RbmFlJGxbJiDEZnNJSmCbU3TqdwUhJaY2EhUwLPan/216552.jpg | AQ41: 1 | AR41: 0 | AS41: 1 | AT41: 0 | AU41: 5 | AV41: 0 | AW41: 1 | AX41: 0 | AY41: 1 | AZ41: 15000000 | BA41: 0 | BC41: 1 | BD41: 96000000 | BE41: 0 | BG41: Kuswadi, Misiyati, Amanda Apriliya | BH41: SITI AISYAH | BI41: None | BJ41: https://build.fillout.com/editor/kdFWQQWTckus/results?sessionId=58d89fce-2786-4d9a-b3d4-a7f53ec23731 | BK41: 87b2be06fe24b23c1179242f77cbe214
A42: f00acc9c-4cc1-411a-9284-dd5aefe4b9e8 | B42: Wed May 13 2026 18:20:00 GMT+0700 (Western Indonesia Time) | C42: Wed May 13 2026 17:37:00 GMT+0700 (Western Indonesia Time) | D42: finished | E42: Ending | F42: 104 | G42: 2026-05-13 | H42: SITI AISYAH | I42: Amiruddin | J42: 3515030601230001 | K42: https://prod-fillout-oregon-s3.s3.us-west-2.amazonaws.com/orgid-431168/flowpublicid-kdFWQQWTckus/cb1a9ab1-2b73-43ab-8e2f-1740e5ad8d35-ANZMwRLuZxHtukJX152NUKuR5rdriXAkBNiLFpY0Zw1T6r2F3JKLYaId9GL8BwJd2HxgkWZSFUKeds3UNAwORxnbSGivPl4gyES/KK-Amiruddin.jpg | L42: Amiruddin | M42: Waung | N42: RT 004 RW 002 | O42: 1 | Q42: 2 | R42: 3 | U42: 40 | V42: 2 | W42: 1 | X42: 1 | Y42: 1 | Z42: 2 | AA42: 1 | AB42: 1 | AC42: 1 | AD42: 1 | AE42: 7 | AF42: 2 | AL42: 0 | AM42: 50000 | AN42: https://prod-fillout-oregon-s3.s3.us-west-2.amazonaws.com/orgid-431168/flowpublicid-kdFWQQWTckus/27ab8f64-dacd-4f64-b2ad-121e6406696e-jWeZrNVnxTwSjq06dlr21wkZly5hBrOaT2U8zTkm25vVJsyxEhCZTgLgR9cHaWHdWHX14dpUCQeyllkhLwEIbWh1UgGsd8BPajY/216530.jpg | AO42: https://prod-fillout-oregon-s3.s3.us-west-2.amazonaws.com/orgid-431168/flowpublicid-kdFWQQWTckus/6f758b95-8665-4b47-b6d0-6c5e2a851c65-Y7Mqu5GVgGL1nI7wPqwUUZBOQWtOXJSGwcu4Sc8aXp2MaxdydnTQuA0NngqolPH0dypuIVojhO0ppLDQACbUzPzkfxmKcHjziCP/216532.jpg | AP42: https://prod-fillout-oregon-s3.s3.us-west-2.amazonaws.com/orgid-431168/flowpublicid-kdFWQQWTckus/2a4ea15b-d5ea-46c1-a3ee-7fca5eae0c76-Ki69estscjalFHLo5By6Wi9xQo5jAVMeUVFWwE5Z2GtrlNlcPGFmxibgraUjUbgeVwMt6EzbtlGXJDsLS3FxJ6ZZ0giF7WGcwtf/216552.jpg | AQ42: 1 | AR42: 0 | AS42: 0 | AT42: 0 | AU42: 5 | AV42: 0 | AW42: 0 | AX42: 0 | AY42: 2 | AZ42: 20000000 | BA42: 0 | BC42: 0 | BE42: 0 | BG42: Amiruddin, Mei Qusmawati, Rayhan Ardianto Pratama, Shafira Hannatasya Amirdhaniya | BH42: SITI AISYAH | BI42: None | BJ42: https://build.fillout.com/editor/kdFWQQWTckus/results?sessionId=f00acc9c-4cc1-411a-9284-dd5aefe4b9e8 | BK42: 87b2be06fe24b23c1179242f77cbe214
A43: b16f0323-7356-487d-aac3-030abc5a9c81 | B43: Wed May 13 2026 18:43:00 GMT+0700 (Western Indonesia Time) | C43: Wed May 13 2026 17:00:00 GMT+0700 (Western Indonesia Time) | D43: finished | E43: Ending | F43: 105 | G43: 2026-05-13 | H43: WAHYUNI DWI SUSANTI | I43: Mudalifah | J43: 3515030212190006 | K43: https://prod-fillout-oregon-s3.s3.us-west-2.amazonaws.com/orgid-431168/flowpublicid-kdFWQQWTckus/d163c544-d0e4-4bba-8208-85164c64fc52-Ol851TeuvbLwLonTryWBCy0Y5To9vELHzJudg5Khg5N3BVSjiKZFff9grHpe25GVfTicsOKqSp8RbydVdZSbEmBkTfKfsPFBLDw/Screenshot_20260513_170906_CamScanner.jpg | L43: Alfiah | M43: Waung | N43: RT 005 RW 003 | O43: 1 | Q43: 1 | R43: 1 | S43: 1 | U43: 120 | V43: 2 | W43: 1 | X43: 1 | Y43: 1 | Z43: 2 | AA43: 1 | AB43: 1 | AC43: 1 | AD43: 1 | AE43: 1 | AF43: 1 | AG43: 1 | AH43: 2 | AL43: 250000 | AM43: 100000 | AN43: https://prod-fillout-oregon-s3.s3.us-west-2.amazonaws.com/orgid-431168/flowpublicid-kdFWQQWTckus/65e6e2a0-881f-443d-a9ed-dac14cefeb1c-rLSFi3Udsnk5HU4lqCGZijBrO2bOKmYG4D1Z6Z9khfFuRyCa2TumBpZhkMeOcOhUmrmRHPGXZv7fniLSGYMwpNfUo8uyPjQVDt1/1001031260.jpg | AO43: https://prod-fillout-oregon-s3.s3.us-west-2.amazonaws.com/orgid-431168/flowpublicid-kdFWQQWTckus/b3ee459e-de08-44e8-8c23-34185465be76-MtvIvPlkwgLnDkhL9daNPVNQ9IC6MVsu5slJH7ZU2LWcNUD2Rdx8dKtWsDRuicdKmJsbEcFnflYzRLsHvJFrS6gakXMXOXJl5u5/1001031261.jpg | AP43: https://prod-fillout-oregon-s3.s3.us-west-2.amazonaws.com/orgid-431168/flowpublicid-kdFWQQWTckus/c4869b9e-e7f7-4ad8-a730-b6cc9962f41f-t0VQ0OQQf4cltQ9PGBYQihWZmHy6eZcixwl9iAN7qeuGk7rQsRwvMH4HOfCqrExdRrJnadClc2c3M2k3vhgCOwPG47809qw9EEj/1001031270.jpg | AQ43: 2 | AR43: 0 | AS43: 1 | AT43: 0 | AU43: 5 | AV43: 0 | AW43: 1 | AX43: 0 | AY43: 2 | AZ43: 14000000 | BA43: 0 | BC43: 1 | BD43: 300000000 | BE43: 0 | BG43: Mudalifah, Alfiah | BH43: WAHYUNI DWI SUSANTI | BI43: None | BJ43: https://build.fillout.com/editor/kdFWQQWTckus/results?sessionId=b16f0323-7356-487d-aac3-030abc5a9c81 | BK43: e2e09caa8dce38633385a5c792cea6ab
A44: 6dbaf650-96e2-4d9c-bb14-92c344b7791b | B44: Wed May 13 2026 18:56:00 GMT+0700 (Western Indonesia Time) | C44: Wed May 13 2026 15:46:00 GMT+0700 (Western Indonesia Time) | D44: finished | E44: Ending | F44: 110 | G44: 2026-05-13 | H44: NURUL AKHADIAH | I44: Edy Widianto | J44: 3515032501097264 | K44: https://prod-fillout-oregon-s3.s3.us-west-2.amazonaws.com/orgid-431168/flowpublicid-kdFWQQWTckus/ebdda299-c8ef-4f60-be28-7c36f4d0a340-vPw0I4vxpmAjeC2aeTfUEPcwvFVkJE2UFtgayv5y0LHEU7yLcvHgwzemsy3tocVszFbajHrpwLHzCimdpp2mNbxNWViMqlp6ih4/KK-Anis-(Edy).jpg | L44: Edy Widianto | M44: Desa Waung | N44: RT 010 RW 005 | O44: 1 | Q44: 1 | R44: 1 | S44: 1 | U44: 75 | V44: 2 | W44: 1 | X44: 1 | Y44: 1 | Z44: 2 | AA44: 1 | AB44: 1 | AC44: 1 | AD44: 1 | AE44: 7 | AF44: 1 | AG44: 1 | AH44: 2 | AL44: 80 | AM44: 50 | AN44: https://prod-fillout-oregon-s3.s3.us-west-2.amazonaws.com/orgid-431168/flowpublicid-kdFWQQWTckus/d2e9238f-3fd0-4360-af46-21ef2be54601-fv09ceUB6SYvkgh4t6DYl0bgNWBP5NOYF9B7OWmSZTZr8y9PfVrMME5Jxyi0zKqyHvHGQyY0XlVTROovbAmomTrx4PSgvPEt9yX/1000781223.jpg | AO44: https://prod-fillout-oregon-s3.s3.us-west-2.amazonaws.com/orgid-431168/flowpublicid-kdFWQQWTckus/119f877c-cb5f-49b0-97bf-912f2419dfe8-sS0BGpl58WfLaElRNEidCcVsfuLRO56yxz3dEutxKR0dbCa4Ota7y1fgxd2QbJGfbgsRkSTYLqn7xEUm8KjsfYnljPF1uaSQqvM/1000781225.jpg | AP44: https://prod-fillout-oregon-s3.s3.us-west-2.amazonaws.com/orgid-431168/flowpublicid-kdFWQQWTckus/d7ccb7b2-3d7c-4e47-acbc-fb40f483cad0-w6FWINuissYu3CtrMUoWOjgquxROVLsKtAa1WFm0JHrIY88ZbYi66SBv01znxk7EF57GPcWCFvWfyyZB8xOpZ9zKXx9GJ3cDsW5/1000781236.jpg | AQ44: 2 | AR44: 0 | AS44: 1 | AT44: 0 | AU44: 0 | AV44: 0 | AW44: 1 | AX44: 0 | AY44: 2 | AZ44: 15 | BA44: 0 | BC44: 0 | BE44: 0 | BG44: Edy Widianto, Anis Praptiana, Dicky Angga Prihandana, Achmad Nouvan Rahasdianto | BH44: NURUL AKHADIAH | BI44: None | BJ44: https://build.fillout.com/editor/kdFWQQWTckus/results?sessionId=6dbaf650-96e2-4d9c-bb14-92c344b7791b | BK44: 91d22f4714f303157d11716cb9588443
A45: eb1fd193-0f5a-4378-8bba-8979b695b865 | B45: Wed May 13 2026 19:14:00 GMT+0700 (Western Indonesia Time) | C45: Tue May 12 2026 17:38:00 GMT+0700 (Western Indonesia Time) | D45: finished | E45: Ending | F45: 109 | G45: 2026-05-12 | H45: YUNTI RENITANIA | I45: Dani arfandi | J45: 3515031001093526 | K45: https://prod-fillout-oregon-s3.s3.us-west-2.amazonaws.com/orgid-431168/flowpublicid-kdFWQQWTckus/dd712663-8f09-487f-9bf9-6ea61bd82a41-lV94eSnU23Qy6JnvvFcXVqXjFp0KLU3sFhtnGc4YGoOzc4mLAM0PByIxjCkU3NmTlIWyRFLjoDG7iekEetbBXqqg34pphg9WQfQ/Screenshot_20260512_172255_Samsung-Notes.jpg | L45: Dani arfandi | M45: Waung | N45: RT 009 RW 005 | O45: 1 | Q45: 1 | R45: 1 | S45: 1 | U45: 140 | V45: 2 | W45: 1 | X45: 1 | Y45: 1 | Z45: 2 | AA45: 1 | AB45: 1 | AC45: 1 | AD45: 1 | AE45: 7 | AF45: 1 | AG45: 1 | AH45: 1 | AL45: 60000 | AM45: 135000 | AN45: https://prod-fillout-oregon-s3.s3.us-west-2.amazonaws.com/orgid-431168/flowpublicid-kdFWQQWTckus/d9ee3886-fc49-4104-b444-b32e94646467-8h2iW5DyOXGv8J7NQGTYUpoNshVKGSHgBVdCEqtrwU4V7F3kJCzzu3PWJfisxpHFfbSVi5RxmPatVRoBQQdciL8Ue3EVIjMAFC1/IMG-20260512-WA0021.jpg | AO45: https://prod-fillout-oregon-s3.s3.us-west-2.amazonaws.com/orgid-431168/flowpublicid-kdFWQQWTckus/8ffa8582-5364-4543-987f-df2441bbf9ca-AN1afbP3ItwvKIDqOr4sftDDI7svRXXuEfbcOBK5SOcld3XDwyPwSbZ0SglcGZQuSwren7nowdGvkW8LVvwdYwFam1y7s5VopbA/IMG-20260512-WA0023.jpg | AP45: https://prod-fillout-oregon-s3.s3.us-west-2.amazonaws.com/orgid-431168/flowpublicid-kdFWQQWTckus/c25105fb-1c3a-44ef-96cc-58381dc4df51-59zilcaeX8RASG5h22LaJW2v9hgDDz5W0EnRudaPOvDDOyl86cdwMNluAH4k7VpkXc97QqF0EKmH3Ior1jryB8tLlAkCzLaElsH/IMG-20260512-WA0024.jpg | AQ45: 1 | AR45: 0 | AS45: 1 | AT45: 0 | AU45: 2 | AV45: 0 | AW45: 1 | AX45: 0 | AY45: 2 | AZ45: 15000000 | BA45: 0 | BC45: 0 | BE45: 0 | BG45: Dani Arfandi, Suniah, Feby Firniyawati | BH45: YUNTI RENITANIA | BI45: None | BJ45: https://build.fillout.com/editor/kdFWQQWTckus/results?sessionId=eb1fd193-0f5a-4378-8bba-8979b695b865 | BK45: 2ed216414a105846b4520f43e8c94ae1
A46: 9dd2b3f6-a367-4cab-950b-94bca3f67c06 | B46: Wed May 13 2026 19:16:00 GMT+0700 (Western Indonesia Time) | C46: Wed May 13 2026 18:40:00 GMT+0700 (Western Indonesia Time) | D46: finished | E46: Ending | F46: 106 | G46: 2026-05-13 | H46: SRI SUTARMI | I46: Moch.Budiono | J46: 3515031001093439 | K46: https://prod-fillout-oregon-s3.s3.us-west-2.amazonaws.com/orgid-431168/flowpublicid-kdFWQQWTckus/d6333d2f-f834-4063-848c-81ba1edbc7dc-wr9Igmr9EKPjRotRKt8dP2SEzLvMnkJfjMBo2OIuRQShdTbj5WnrFAOeHa56tdCo91AyMDvZyF7iuzMYxYVYJBzm2Coq6FtZg2p/Screenshot_20260512-162136_Gallery.jpg | L46: Dwi sugiarti | M46: Waung | N46: RT 006 RW 003 | O46: 1 | Q46: 1 | R46: 1 | S46: 1 | U46: 84 | V46: 2 | W46: 1 | X46: 1 | Y46: 1 | Z46: 2 | AA46: 1 | AB46: 1 | AC46: 1 | AD46: 1 | AE46: 1 | AF46: 1 | AG46: 1 | AH46: 2 | AL46: 250000 | AM46: 235000 | AN46: https://prod-fillout-oregon-s3.s3.us-west-2.amazonaws.com/orgid-431168/flowpublicid-kdFWQQWTckus/c458c860-ecac-47aa-b96a-4332b331aa66-RvhQIsW8opJ08XJFtOqBCTjbiVTjTjS53uL0j0yY0yQJcmO2iHa0VLQ8argNCBfPBPVUAILcvQVH5mpZhd4q06nbIuc3OmAPLIZ/Screenshot_20260512-162147_Gallery.jpg | AO46: https://prod-fillout-oregon-s3.s3.us-west-2.amazonaws.com/orgid-431168/flowpublicid-kdFWQQWTckus/bc097eaf-fc81-41a3-9c2c-a468594255fb-joeLkelhtuIQYDbtzadPG9r9j2BYKjOOo1e0Wz98DX4G7ShHAtDX8gdAVrV88XvBhqIWQT0ZfVx6grFzHsyLggJoSbRaQIISPHp/Screenshot_20260512-162147_Gallery.jpg | AP46: https://prod-fillout-oregon-s3.s3.us-west-2.amazonaws.com/orgid-431168/flowpublicid-kdFWQQWTckus/684bf923-dcc5-426b-96ca-b5edb4c8855a-cB3QB8ZcRuZpGATsLHTaygwf1w4P0Pu68b2rTtEFzsvexlevGsC3Vp51mLO24TxWssouz5tQlj0sLMcBAP9EoUFdEeSjsxESEzx/Screenshot_20260512-162141_Gallery.jpg | AQ46: 2 | AR46: 0 | AS46: 1 | AT46: 0 | AU46: 8 | AV46: 1 | AW46: 1 | AX46: 0 | AY46: 3 | AZ46: 20000000 | BA46: 0 | BC46: 0 | BE46: 0 | BG46: Moch.budiono, Dwi Sugiarti, Aditya Wahyu Putra Pratama | BH46: SRI SUTARMI | BI46: None | BJ46: https://build.fillout.com/editor/kdFWQQWTckus/results?sessionId=9dd2b3f6-a367-4cab-950b-94bca3f67c06 | BK46: 91d22f4714f303157d11716cb9588443
A47: e6112059-ed2e-4469-9af4-6236d0494fa9 | B47: Wed May 13 2026 19:33:00 GMT+0700 (Western Indonesia Time) | C47: Wed May 13 2026 18:55:00 GMT+0700 (Western Indonesia Time) | D47: finished | E47: Ending | F47: 109 | G47: 2026-05-13 | H47: YUNTI RENITANIA | I47: Bagas Yuda Permana Putra | J47: 3515031908220008 | K47: https://prod-fillout-oregon-s3.s3.us-west-2.amazonaws.com/orgid-431168/flowpublicid-kdFWQQWTckus/66a5cc88-ee07-4ec7-ad13-801bc0cff236-2sgQGlK8ST2HzP5ACdMI6ateTfwvWe23WqCc9RBxLf4euBhorPime6Apw08RsWdPZGQUOvvHemqvtbeStqLoyVw1tc0o93snIvI/WhatsApp-Image-2026-05-13-at-19.03.18.jpg | L47: Bagas Yuda Permana Putra | M47: Desa Waung | N47: RT 009 RW 005 | O47: 1 | Q47: 2 | R47: 3 | U47: 85 | V47: 2 | W47: 1 | X47: 1 | Y47: 1 | Z47: 2 | AA47: 1 | AB47: 1 | AC47: 1 | AD47: 1 | AE47: 7 | AF47: 1 | AG47: 1 | AH47: 1 | AL47: 300000 | AM47: 250000 | AN47: https://prod-fillout-oregon-s3.s3.us-west-2.amazonaws.com/orgid-431168/flowpublicid-kdFWQQWTckus/f13359be-163e-4327-b7f7-f84b9d88ce05-CIu10Q7C7pUn2Xdy9JO59uomniQyLNDeyLkR4aODBZtX76AeZon0wBj5bIcKb0hASGeL6vvm7CiWIzcpV987kiliP7oMqNnOjI2/WhatsApp-Image-2026-05-13-at-16.35.40.jpg | AO47: https://prod-fillout-oregon-s3.s3.us-west-2.amazonaws.com/orgid-431168/flowpublicid-kdFWQQWTckus/90984a27-74ed-4162-88c4-0848483c180f-RPcrq3sMK91nGJ2X7TNdSA1hveg7oKnQwtv4h0HAZPCWWKZznIjRZNXlF3eMSUUqlemF3qyJcQg1yxZKUz4rLws0xl7j4qNoE66/WhatsApp-Image-2026-05-13-at-16.36.10.jpg | AP47: https://prod-fillout-oregon-s3.s3.us-west-2.amazonaws.com/orgid-431168/flowpublicid-kdFWQQWTckus/e201af6a-7d8e-4391-99d9-dd9f5f6303c4-ezrLujK2zgVGIf6Fj5u8oDBArXx89MFhKXxhIUyrJIiT7lN69e8rsubbNyEsNKMmnmOnklvDrXfnb0szAJAQ3hhjw6h4AECA4rl/WhatsApp-Image-2026-05-13-at-16.37.52.jpg | AQ47: 1 | AR47: 0 | AS47: 1 | AT47: 1 | AU47: 5 | AV47: 0 | AW47: 0 | AX47: 0 | AY47: 2 | AZ47: 10000000 | BA47: 0 | BC47: 1 | BD47: 65000000 | BE47: 0 | BG47: Bagas Yuda Permana Putra, Rizqita Puji Lestari, Shabira Permana Sakhi | BH47: YUNTI RENITANIA | BI47: None | BJ47: https://build.fillout.com/editor/kdFWQQWTckus/results?sessionId=e6112059-ed2e-4469-9af4-6236d0494fa9 | BK47: 2ed216414a105846b4520f43e8c94ae1
A48: eb49fd63-bd45-4320-a4df-9b3ae0c024f6 | B48: Wed May 13 2026 20:06:00 GMT+0700 (Western Indonesia Time) | C48: Wed May 13 2026 18:45:00 GMT+0700 (Western Indonesia Time) | D48: finished | E48: Ending | F48: 105 | G48: 2026-05-13 | H48: WAHYUNI DWI SUSANTI | I48: Sujali | J48: 3515031001093373 | K48: https://prod-fillout-oregon-s3.s3.us-west-2.amazonaws.com/orgid-431168/flowpublicid-kdFWQQWTckus/3757c10a-3ab1-4c73-b0c1-e24102fd0fc2-2ovOii9RVohZfAlKZwax5GhJXrnMPVFOCzgGAMloXw4hRmW6PW5WrvoTdwnaGJr8gQAFEDkbKDrv5hj3t2LVE16bb0Bzj2vPRFk/Screenshot_20260513_184918_CamScanner.jpg | L48: Sujali | M48: Waung | N48: RT 005 RW 003 | O48: 1 | Q48: 1 | R48: 1 | S48: 1 | U48: 120 | V48: 2 | W48: 1 | X48: 1 | Y48: 1 | Z48: 2 | AA48: 1 | AB48: 1 | AC48: 1 | AD48: 1 | AE48: 7 | AF48: 1 | AG48: 1 | AH48: 1 | AL48: 100000 | AM48: 100000 | AN48: https://prod-fillout-oregon-s3.s3.us-west-2.amazonaws.com/orgid-431168/flowpublicid-kdFWQQWTckus/7d9df84f-9f96-4c96-9a11-129fcb1b61fb-nx7U5INMipIEFdVd0SHnb5kzfBMaBCoEtAaXzvkiC8X2oc5jYuSQrKrsZMavcoHVyNXbCONFQNmPo9hw3httuFwV4Qjri3QWagm/1001030473.jpg | AO48: https://prod-fillout-oregon-s3.s3.us-west-2.amazonaws.com/orgid-431168/flowpublicid-kdFWQQWTckus/b15a60e4-d75a-4fea-8a07-739c4d6bd9ad-SAPXGUvVGgxM3IvJgMWmcttNlHJ2yW6mY0JhA58ucYiqWFrcuGJ2Ml7LqxPiqzZAp0EVVYils3PIKvo7ZBLbJdigqR4xLWy1ZwL/1001030474.jpg | AP48: https://prod-fillout-oregon-s3.s3.us-west-2.amazonaws.com/orgid-431168/flowpublicid-kdFWQQWTckus/414c8606-29bf-4131-9a3e-ace1096b9c9f-eQ0t1e7iDbCHTwce8iKImyH17FiMT19WaQoTJR6j8AWmkgMtYp9hnY6ebISo5XZXL2AYlSQfvRGHa0pePiVqCeeP59nRWRfk5Y2/ceb48ed3-8f07-4d56-af4b-3f367eda3f9c-1_all_14984.jpg | AQ48: 2 | AR48: 0 | AS48: 1 | AT48: 0 | AU48: 10 | AV48: 1 | AW48: 1 | AX48: 0 | AY48: 2 | AZ48: 9000000 | BA48: 0 | BC48: 1 | BD48: 360000000 | BE48: 0 | BG48: Sujali, Retno Nugraini Rahayu, Aldino Nugroho Joyokusumo, Okta Tira Rahma | BH48: WAHYUNI DWI SUSANTI | BI48: None | BJ48: https://build.fillout.com/editor/kdFWQQWTckus/results?sessionId=eb49fd63-bd45-4320-a4df-9b3ae0c024f6 | BK48: e2e09caa8dce38633385a5c792cea6ab
A49: ec63dbc8-3282-49e3-bd91-f9794f40af54 | B49: Wed May 13 2026 20:10:00 GMT+0700 (Western Indonesia Time) | C49: Wed May 13 2026 19:34:00 GMT+0700 (Western Indonesia Time) | D49: finished | E49: Ending | F49: 109 | G49: 2026-05-13 | H49: YUNTI RENITANIA | I49: suharti tri yulianti | J49: 3515033007250009 | K49: https://prod-fillout-oregon-s3.s3.us-west-2.amazonaws.com/orgid-431168/flowpublicid-kdFWQQWTckus/a139c425-cbf9-4018-99f6-dc5a27880c35-1BynVIiZbXerURWT05Pm9UVezrKgsdkU49aSOEDoX47q3lY5dp8QOjX6hrogWRSMmPOWlgjYevjv3Cf15h9Jn4lY58KkTVfsC6r/WhatsApp-Image-2026-05-13-at-16.22.31.jpg | L49: suharti tri yulianti | M49: waung | N49: RT 009 RW 005 | O49: 1 | Q49: 1 | R49: 1 | S49: 1 | U49: 70 | V49: 2 | W49: 1 | X49: 1 | Y49: 2 | Z49: 2 | AA49: 1 | AB49: 1 | AC49: 1 | AD49: 1 | AE49: 7 | AF49: 1 | AG49: 1 | AH49: 1 | AL49: 75000 | AM49: 150000 | AN49: https://prod-fillout-oregon-s3.s3.us-west-2.amazonaws.com/orgid-431168/flowpublicid-kdFWQQWTckus/b3db18ab-fa53-4dbc-a554-43b10eb873af-PZIkEw5EufjD1lXsZgxUTpj8SrB6OTH0UZDoLD6fW48OckyZv6myY8pIcSL945kEvey4P5M8bSRW3zVt48ruKOJxiQRDQdGfOdF/WhatsApp-Image-2026-05-13-at-16.20.28.jpg | AO49: https://prod-fillout-oregon-s3.s3.us-west-2.amazonaws.com/orgid-431168/flowpublicid-kdFWQQWTckus/cf3628e3-89e4-4c61-96fc-c7e7b72801c6-x23BLBLubZjefnPTc7BUhc0OljV8y6az3AAip5n32XXqU872fzu3Rk6mCx1XMbO8KNywiAja2KzB2qUiMnpwEYa8jYfliRV5Cma/WhatsApp-Image-2026-05-13-at-16.20.44.jpg | AP49: https://prod-fillout-oregon-s3.s3.us-west-2.amazonaws.com/orgid-431168/flowpublicid-kdFWQQWTckus/11162beb-96be-460f-a00e-cca7334759c4-gh1Dkv7ws2q026KNYcOyrVUq1ec7nWqE7nGgIEslIUOGIIexBdp6JEg1VwRTfYu1GAJB3jjU91OOUgRy2GgfkThM7OxKWwprJ15/WhatsApp-Image-2026-05-13-at-16.21.54.jpg | AQ49: 1 | AR49: 0 | AS49: 1 | AT49: 0 | AU49: 0 | AV49: 0 | AW49: 0 | AX49: 0 | AY49: 2 | AZ49: 14000000 | BA49: 0 | BC49: 0 | BE49: 0 | BG49: suharti tri yulianti, satuman wibowo, mochammad zulkilfli | BH49: YUNTI RENITANIA | BI49: None | BJ49: https://build.fillout.com/editor/kdFWQQWTckus/results?sessionId=ec63dbc8-3282-49e3-bd91-f9794f40af54 | BK49: 2ed216414a105846b4520f43e8c94ae1
A50: 0c193862-cb4f-4300-8429-83c876b78355 | B50: Wed May 13 2026 20:15:00 GMT+0700 (Western Indonesia Time) | C50: Wed May 13 2026 19:43:00 GMT+0700 (Western Indonesia Time) | D50: finished | E50: Ending | F50: 103 | G50: 2026-05-13 | H50: RINI WIJAYA | I50: Budiono | J50: 3515030101510084 | K50: https://prod-fillout-oregon-s3.s3.us-west-2.amazonaws.com/orgid-431168/flowpublicid-kdFWQQWTckus/17f9bb84-9a9c-488a-9b57-f1aee0737370-N0uEqwhxfqNA3Z7Hd66GVCWPHr1ioqccUU32EZk3gScGEIO5OnOj5MEYDYs9t7se8sAEO36WFisjBj1twrJqveo2VLELRd9ES61/WA_1778641701629.jpg | L50: Budiono | M50: Dusun waung utara | N50: RT 003 RW 002 | O50: 1 | Q50: 2 | R50: 3 | U50: 10 | V50: 2 | W50: 1 | X50: 1 | Y50: 1 | Z50: 4 | AA50: 1 | AB50: 1 | AC50: 2 | AD50: 1 | AE50: 5 | AF50: 1 | AG50: 1 | AH50: 1 | AL50: 50000 | AM50: 0 | AN50: https://prod-fillout-oregon-s3.s3.us-west-2.amazonaws.com/orgid-431168/flowpublicid-kdFWQQWTckus/474b336e-479d-459f-bedf-d8f103ba95a7-zUMrzI4bchMy9hNWOVDhbYXB8Dw33atqghnDWJ0yBEXIY7VRJM4rlt2bzELEZc81c6Ny8LZSNxG1A5GrpGAJCRqPgBMF1S2qvqK/1000002167.jpg | AO50: https://prod-fillout-oregon-s3.s3.us-west-2.amazonaws.com/orgid-431168/flowpublicid-kdFWQQWTckus/d7b3a458-038b-46ba-a542-1efd09764f34-zEHASne6CChHcl2HpyF5Ps6U1Ywf1q7U0n0MKN8Fd6iZlj0hutMJEhefb2bhMVMAkQ3IxrRL4QFpeyqTdZSqNdV5YyVKqM3dY7J/1000002233.jpg | AP50: https://prod-fillout-oregon-s3.s3.us-west-2.amazonaws.com/orgid-431168/flowpublicid-kdFWQQWTckus/f9408917-35d9-4de4-b2b1-01ac917a6a0c-Yk15VBNrwwgjdqUpbPcBZJruvMdWEMoXezK2cWKGEAMsJ1Iax8s38sSJdRV8xrVkrPvUuK71Q1vXjAVJUFiNgddYPaFGBaoJ5bh/1000002171.jpg | AQ50: 1 | AR50: 0 | AS50: 0 | AT50: 0 | AU50: 0 | AV50: 0 | AW50: 1 | AX50: 0 | AY50: 1 | AZ50: 2000000 | BA50: 0 | BC50: 0 | BE50: 0 | BG50: Budiono, Sulati | BH50: RINI WIJAYA | BI50: None | BJ50: https://build.fillout.com/editor/kdFWQQWTckus/results?sessionId=0c193862-cb4f-4300-8429-83c876b78355 | BK50: 8909ef71140bfb0bba3eb8c6ec837382
A51: 2c1baed9-42ab-4892-b8a6-a9c537a30141 | B51: Wed May 13 2026 20:16:00 GMT+0700 (Western Indonesia Time) | C51: Wed May 13 2026 19:17:00 GMT+0700 (Western Indonesia Time) | D51: finished | E51: Ending | F51: 106 | G51: 2026-05-13 | H51: SRI SUTARMI | I51: Sutikah | J51: 3515031512160007 | K51: https://prod-fillout-oregon-s3.s3.us-west-2.amazonaws.com/orgid-431168/flowpublicid-kdFWQQWTckus/f025b335-ee03-47c4-9cbf-1050df0be21c-digDlaWRFO7VzRkR1lDLlJsF8L6lBxHidTMdG0iGvwstOMZI58MnJmdZZIHXsHDHbn6118r2ahsv7F1Bwgz08SH5kpLh9cZ2rlx/Screenshot_20260512-172220_Gallery.jpg | L51: Sutikah | M51: Waung | N51: RT 006 RW 003 | O51: 1 | Q51: 2 | R51: 1 | S51: 1 | U51: 72 | V51: 2 | W51: 1 | X51: 1 | Y51: 1 | Z51: 2 | AA51: 1 | AB51: 1 | AC51: 1 | AD51: 1 | AE51: 7 | AF51: 1 | AG51: 1 | AH51: 2 | AL51: 200000 | AM51: 100000 | AN51: https://prod-fillout-oregon-s3.s3.us-west-2.amazonaws.com/orgid-431168/flowpublicid-kdFWQQWTckus/cabc11eb-4b53-4fed-b846-d777603e533f-u4s6VaArBU8doK5vQBQYpsNXVNu6iUwOk86fZMzrhAnlcjaBbuIC7nfnl55WdsPUxLLD4QAHL4DWiF4s4sAyMtuyPdll1lIT81S/Screenshot_20260512-172243_Gallery.jpg | AO51: https://prod-fillout-oregon-s3.s3.us-west-2.amazonaws.com/orgid-431168/flowpublicid-kdFWQQWTckus/216db149-5e57-4499-8f2a-c4a3a9a7ba33-zadyodsFrFmuCq5pATEUcTBfAGJrKBoUx1Y7x696qRFtDFL2G5uV8JRTFZPgotBuv5t0MC4SSHZFy8kMLhGVaoRIt9wDLq5PjkI/Screenshot_20260512-172230_Gallery.jpg | AP51: https://prod-fillout-oregon-s3.s3.us-west-2.amazonaws.com/orgid-431168/flowpublicid-kdFWQQWTckus/e4ac768e-bbeb-40b1-b42f-9fa3295bd2b1-fAphy9Yt1zzHQNkAyugQNnJxSici7GS1CPCGMZsQbXJXsRl6YFXrWcq82ynaw9O6JRkE76dk1RXrJEanxsAfyK9VpL4IhoFcaOy/Screenshot_20260512-172237_Gallery.jpg | AQ51: 2 | AR51: 0 | AS51: 1 | AT51: 0 | AU51: 15 | AV51: 0 | AW51: 0 | AX51: 0 | AY51: 2 | AZ51: 15000000 | BA51: 0 | BC51: 6000 | BD51: 360000000 | BE51: 0 | BG51: Sutikah, Heri Purnomo | BH51: SRI SUTARMI | BI51: None | BJ51: https://build.fillout.com/editor/kdFWQQWTckus/results?sessionId=2c1baed9-42ab-4892-b8a6-a9c537a30141 | BK51: 91d22f4714f303157d11716cb9588443
A52: 92212428-f985-4711-bef7-15a9d9a40333 | B52: Wed May 13 2026 20:27:00 GMT+0700 (Western Indonesia Time) | C52: Wed May 13 2026 20:14:00 GMT+0700 (Western Indonesia Time) | D52: finished | E52: Ending | F52: 109 | G52: 2026-05-13 | H52: YUNTI RENITANIA | I52: pujiono | J52: 3515031001093557 | K52: https://prod-fillout-oregon-s3.s3.us-west-2.amazonaws.com/orgid-431168/flowpublicid-kdFWQQWTckus/91ece4a1-8f76-4433-887d-c9dcf46c5d90-DLa86L7j7QeXQGkDWAXG7FkvEqiTtxHxNbj9yPtH8bFtK7akrMe7ZDa8ff23mUBYRuWjG0I8vmwJ4YHhBfIRiu4TWG1yCZ767pZ/WhatsApp-Image-2026-05-13-at-19.03.06.jpg | L52: pujiono | M52: waung | N52: RT 009 RW 005 | O52: 1 | Q52: 2 | R52: 1 | S52: 1 | U52: 85 | V52: 2 | W52: 1 | X52: 1 | Y52: 1 | Z52: 2 | AA52: 1 | AB52: 1 | AC52: 1 | AD52: 1 | AE52: 7 | AF52: 1 | AG52: 1 | AH52: 2 | AL52: 300000 | AM52: 250000 | AN52: https://prod-fillout-oregon-s3.s3.us-west-2.amazonaws.com/orgid-431168/flowpublicid-kdFWQQWTckus/9ad85f06-57a3-4b9c-816b-1306db2f33d9-r3UVz3ey8qIKO4EACzjUCzIELWBq1QZ00m3sWLYkG5FvLQj5K26Q3uenv28vow00k4vG5Vlnt8ZXwnAVfBJX5EmDth7rznM2a8w/WhatsApp-Image-2026-05-13-at-16.35.40.jpg | AO52: https://prod-fillout-oregon-s3.s3.us-west-2.amazonaws.com/orgid-431168/flowpublicid-kdFWQQWTckus/8e9774c5-2995-49a9-8728-410a94aaf823-EcaaYvVgYh3wP21vo7B8NS5lBKJXEfBsgYFctSxBghxLhsjBVPp9atkP9nxKNjIixGH1NCsQGTNaWhRXZQyll31lgifhMFdKoZu/WhatsApp-Image-2026-05-13-at-16.36.10.jpg | AP52: https://prod-fillout-oregon-s3.s3.us-west-2.amazonaws.com/orgid-431168/flowpublicid-kdFWQQWTckus/dd253a9e-efeb-4b25-9b64-36d890fd7056-1fsepKkXsofBcuaYcb0KdXYBNumPCN1iTxjREOaJ5LZJseGdw2sGD9O6UHmrnneU4G3BiR6O2tEwk3Kf5dE2dIOiD7VzB1vlPIg/WhatsApp-Image-2026-05-13-at-16.37.52.jpg | AQ52: 1 | AR52: 0 | AS52: 1 | AT52: 0 | AU52: 5 | AV52: 0 | AW52: 1 | AX52: 0 | AY52: 1 | AZ52: 6000000 | BA52: 0 | BC52: 0 | BE52: 0 | BG52: pujiono, kumiati, yuniar puji lestari | BH52: YUNTI RENITANIA | BI52: None | BJ52: https://build.fillout.com/editor/kdFWQQWTckus/results?sessionId=92212428-f985-4711-bef7-15a9d9a40333 | BK52: 2ed216414a105846b4520f43e8c94ae1
A53: abe4f4c7-121b-4625-b36d-25ab257b75ed | B53: Wed May 13 2026 20:35:00 GMT+0700 (Western Indonesia Time) | C53: Wed May 13 2026 20:16:00 GMT+0700 (Western Indonesia Time) | D53: finished | E53: Ending | F53: 106 | G53: 2026-05-13 | H53: SRI SUTARMI | I53: Iwan Kurniawan | J53: 3515031512160006 | K53: https://prod-fillout-oregon-s3.s3.us-west-2.amazonaws.com/orgid-431168/flowpublicid-kdFWQQWTckus/2ee4e5cd-c3e0-40b6-a1b8-9418d74fcd42-I4prHaaJbGPNeLWvUgNIwy5t6gONyTmJoYc37BfGvNXG5M1JksdxWHFr8WhPxcMYJcKpd8PHHEVCQY9sIekdbLyWYdxN9rb2bVI/Screenshot_20260512-172243_Gallery.jpg | L53: Sutikah | M53: Waung | N53: RT 006 RW 003 | O53: 1 | Q53: 2 | R53: 1 | S53: 1 | U53: 15 | V53: 2 | W53: 1 | X53: 1 | Y53: 1 | Z53: 2 | AA53: 1 | AB53: 1 | AC53: 1 | AD53: 1 | AE53: 7 | AF53: 1 | AG53: 1 | AH53: 2 | AL53: 0 | AM53: 100000 | AN53: https://prod-fillout-oregon-s3.s3.us-west-2.amazonaws.com/orgid-431168/flowpublicid-kdFWQQWTckus/3ea049c7-0f57-42b5-a5f3-dec79e579670-cUcg6NpG8uGkiR2z91R3nJ5pyCQjxYjv8N8YkswRByLkl3xS1fJMtOJbkHHG8QreMqAqcaNrmDLyScUNKPloOAXgXGfnDxTb5Gf/Screenshot_20260512-172243_Gallery.jpg | AO53: https://prod-fillout-oregon-s3.s3.us-west-2.amazonaws.com/orgid-431168/flowpublicid-kdFWQQWTckus/fc0b4863-5379-4b18-9886-894fae135529-AV5sTJrzC3NuNOhztlzYkylhXaaEqg2bARYVoIO41OR147xiSgxwk0utxPtKHf3AfRFQMJ7W4CdUNk5TVcbXOW7NGJRNEfj32jT/Screenshot_20260512-172230_Gallery.jpg | AP53: https://prod-fillout-oregon-s3.s3.us-west-2.amazonaws.com/orgid-431168/flowpublicid-kdFWQQWTckus/6d9b3eeb-f0fd-47a6-bd39-0bf3898a519a-pbxFWdGTrt4cJ2tx9a2Me1TDqA5bWUBKRrp5d9oAsMt00FNeNH3PR1OmhOPM9oSv6W320n5ctFnKfEgYGtSDXYLLLuMOIX4U6dI/Screenshot_20260512-172237_Gallery.jpg | AQ53: 0 | AR53: 0 | AS53: 0 | AT53: 0 | AU53: 0 | AV53: 0 | AW53: 0 | AX53: 0 | AY53: 1 | AZ53: 10000000 | BA53: 0 | BC53: 0 | BE53: 0 | BG53: Iwan Kurniawan | BH53: SRI SUTARMI | BI53: None | BJ53: https://build.fillout.com/editor/kdFWQQWTckus/results?sessionId=abe4f4c7-121b-4625-b36d-25ab257b75ed | BK53: 91d22f4714f303157d11716cb9588443
A54: 646db646-1720-448c-b93b-37ed0e9a4425 | B54: Wed May 13 2026 20:37:00 GMT+0700 (Western Indonesia Time) | C54: Wed May 13 2026 20:07:00 GMT+0700 (Western Indonesia Time) | D54: finished | E54: Ending | F54: 105 | G54: 2026-05-13 | H54: WAHYUNI DWI SUSANTI | I54: Warno | J54: 3515030901230001 | K54: https://prod-fillout-oregon-s3.s3.us-west-2.amazonaws.com/orgid-431168/flowpublicid-kdFWQQWTckus/08852d91-8eb1-4a94-9f85-a10c5ea8c272-6hH5ABIvCf1kT1XsQW4ue3C3wirMIi48PkpIsceYUCk1ZdHndCbmVeoVlkR6EDKcsbcfSjHicnWFYoCHAytTdZPWGQVlYANsBv5/Screenshot_20260513_171836_CamScanner.jpg | L54: Umi Hanik | M54: Waung | N54: RT 005 RW 003 | O54: 1 | Q54: 1 | R54: 1 | S54: 1 | U54: 45 | V54: 2 | W54: 1 | X54: 1 | Y54: 1 | Z54: 2 | AA54: 1 | AB54: 1 | AC54: 1 | AD54: 1 | AE54: 7 | AF54: 1 | AG54: 1 | AH54: 2 | AL54: 150000 | AM54: 130000 | AN54: https://prod-fillout-oregon-s3.s3.us-west-2.amazonaws.com/orgid-431168/flowpublicid-kdFWQQWTckus/ae2eeb5a-ebea-47a1-94cb-6bf03cc3b7f8-NkxSrowl2TCBX0dBs394t2FZIt2MV1l45vsiaHAC0nfwaTPzEz9BJaSFo2ihS23M2UHxxvnTXMFymQDcKq2MgMqeSgyHtpxinEI/1001031290.jpg | AO54: https://prod-fillout-oregon-s3.s3.us-west-2.amazonaws.com/orgid-431168/flowpublicid-kdFWQQWTckus/3c2a5b1b-1571-4bd8-adc1-a7901f8bb69a-3lKdIv0MGGs3WDgM6Wod97cBxml909vS5e74kCWuJ9SWGxKz9lF06bSsTR1vcchjCDKe12d9sIBvvZmqBvDxV1oNu3ftyHAt7oj/1001031291.jpg | AP54: https://prod-fillout-oregon-s3.s3.us-west-2.amazonaws.com/orgid-431168/flowpublicid-kdFWQQWTckus/0181f4fc-8b14-4ba4-ba86-0456374f01e9-BtaCyIdA5G48onC7tT2Id67rxfCK1GOZhIg1yCUhiU9cI6FtCyWxsVU7jw0o6BDTYXAGOSOoALFOmAFteTJDQgrpDx628l6Rb1R/1001031292.jpg | AQ54: 2 | AR54: 0 | AS54: 1 | AT54: 0 | AU54: 1 | AV54: 0 | AW54: 1 | AX54: 0 | AY54: 2 | AZ54: 11000000 | BA54: 0 | BC54: 0 | BE54: 0 | BG54: Warno, Umi Hanik, Errinda Rizaini Zahra | BH54: WAHYUNI DWI SUSANTI | BI54: None | BJ54: https://build.fillout.com/editor/kdFWQQWTckus/results?sessionId=646db646-1720-448c-b93b-37ed0e9a4425 | BK54: e2e09caa8dce38633385a5c792cea6ab
A55: 001256f8-340e-4fc5-9506-fafd22525e13 | B55: Wed May 13 2026 20:43:00 GMT+0700 (Western Indonesia Time) | C55: Wed May 13 2026 20:30:00 GMT+0700 (Western Indonesia Time) | D55: finished | E55: Ending | F55: 109 | G55: 2026-05-13 | H55: YUNTI RENITANIA | I55: iskandar anam | J55: 3515030511100005 | K55: https://prod-fillout-oregon-s3.s3.us-west-2.amazonaws.com/orgid-431168/flowpublicid-kdFWQQWTckus/9209b6a5-a961-4fae-a48b-a0df7056d613-USySh4gTbXPWuc9hh4QyURMJWetykOjLoCJQFhLZ4V21SQmAJD4EMqvgQPTHlg9juEWcbHQTA3haS6r4RHVepGtygl2bto8RCnl/WhatsApp-Image-2026-05-13-at-16.55.15.jpg | L55: iskandar anam | M55: waung | N55: RT 009 RW 005 | O55: 1 | Q55: 1 | R55: 1 | S55: 1 | U55: 166 | V55: 2 | W55: 1 | X55: 1 | Y55: 2 | Z55: 2 | AA55: 1 | AB55: 1 | AC55: 1 | AD55: 1 | AE55: 7 | AF55: 1 | AG55: 1 | AH55: 2 | AL55: 130000 | AM55: 150000 | AN55: https://prod-fillout-oregon-s3.s3.us-west-2.amazonaws.com/orgid-431168/flowpublicid-kdFWQQWTckus/111e384f-c8e4-4ab4-9ff6-ab60dcb37a34-pHid9N3tMmrW4rfJO02rUJLq31HpmopE26eC1UjtuAHL4brsnmuPCk0tfyf5InJwbi2hwlyAPRxBjOYvsMSdLnvKRlVEOVfzYJ4/WhatsApp-Image-2026-05-13-at-16.35.31.jpg | AO55: https://prod-fillout-oregon-s3.s3.us-west-2.amazonaws.com/orgid-431168/flowpublicid-kdFWQQWTckus/7d4347b8-398d-4e21-9d1d-aec6a70d0336-YM3YGTMiXyWBGsHE8lp8RyWA66DLy7ByCacq9y9G9X3IdJ3wd76LiMQelJbahcKX3M4HQ7f2Ef5A9ecLfKaeyHVLPd7Xwof8eLo/WhatsApp-Image-2026-05-13-at-16.52.46.jpg | AP55: https://prod-fillout-oregon-s3.s3.us-west-2.amazonaws.com/orgid-431168/flowpublicid-kdFWQQWTckus/d10a222a-02c3-45aa-9958-a2912dc82208-KJA8ABlsemK7YxcsqQE4FpcMGQa5KTGXj060dPbxrG411huayCETmJ4BAXngY2EgTwh5o6sQmxDrfDP81kMeZdBUkeDEowTs4Hp/WhatsApp-Image-2026-05-13-at-16.53.21.jpg | AQ55: 1 | AR55: 0 | AS55: 1 | AT55: 0 | AU55: 0 | AV55: 0 | AW55: 1 | AX55: 0 | AY55: 2 | AZ55: 9000000 | BA55: 0 | BC55: 0 | BE55: 0 | BG55: iskandar anam, supiyatun, alfia isma rahmawati | BH55: YUNTI RENITANIA | BI55: None | BJ55: https://build.fillout.com/editor/kdFWQQWTckus/results?sessionId=001256f8-340e-4fc5-9506-fafd22525e13 | BK55: 2ed216414a105846b4520f43e8c94ae1
A56: 7eaaf043-a17b-4894-a4f4-f9201cf123a6 | B56: Wed May 13 2026 20:56:00 GMT+0700 (Western Indonesia Time) | C56: Wed May 13 2026 20:38:00 GMT+0700 (Western Indonesia Time) | D56: finished | E56: Ending | F56: 105 | G56: 2026-05-13 | H56: WAHYUNI DWI SUSANTI | I56: Ferry Aisyaful Rochman | J56: 3515032309240002 | K56: https://prod-fillout-oregon-s3.s3.us-west-2.amazonaws.com/orgid-431168/flowpublicid-kdFWQQWTckus/a71f5db7-ee4b-4a18-bcea-ada8e479e767-quV3kQqv1gsTg0BlSkDWxGlGFI9nhSTN6h5arYlmbDyfnbvl3zukjohbj98OLJ7XHMyouxsaQDwNcwWsX122R9NQLZBf8sddMu1/Screenshot_20260513_172101_CamScanner.jpg | L56: Tantri Lestari | M56: Waung | N56: RT 005 RW 003 | O56: 1 | Q56: 1 | R56: 1 | S56: 1 | U56: 90 | V56: 2 | W56: 1 | X56: 1 | Y56: 1 | Z56: 2 | AA56: 1 | AB56: 1 | AC56: 1 | AD56: 1 | AE56: 2 | AF56: 1 | AG56: 1 | AH56: 2 | AL56: 200000 | AM56: 130000 | AN56: https://prod-fillout-oregon-s3.s3.us-west-2.amazonaws.com/orgid-431168/flowpublicid-kdFWQQWTckus/5bb2b264-02c3-48d4-b244-7c21e2636f78-frPVybD9yfowAHY8qvZRRDqZZ23TINr1POCyQXNLI9gVnXWvAYxqOgYWO5CViXedt131BffWuAJm1ZlYN9gUiJi7R2e2E5Tc5Eb/1001031468.jpg | AO56: https://prod-fillout-oregon-s3.s3.us-west-2.amazonaws.com/orgid-431168/flowpublicid-kdFWQQWTckus/6115fdad-2cab-4fee-8803-eeb20ef63101-NbxWfCzUmE3Azqcw6LLNUAsMUPNrxaJxAUKPIVafpjufAxOARcXabwNRQ0qdCoTtTzFabfoOVl1ylLrNJ5DwJ4Gah0TFXwhlebw/1001031497.jpg | AP56: https://prod-fillout-oregon-s3.s3.us-west-2.amazonaws.com/orgid-431168/flowpublicid-kdFWQQWTckus/982763dd-48bc-4ec4-8274-ba7faad5899a-wdccYaDqne7pZw1CIQtYymsVxHuyGFJEwK8Qzt3Z2simtUFWPgr6sCzsG74iZZKsVoxK9z9Yx76xYnJCbIFzYE0hx1AsNKhhQ5Y/1001031496.jpg | AQ56: 2 | AR56: 0 | AS56: 1 | AT56: 0 | AU56: 2 | AV56: 0 | AW56: 1 | AX56: 0 | AY56: 1 | AZ56: 12000000 | BA56: 0 | BC56: 0 | BE56: 0 | BG56: Ferry Aisyaful Rochman, Tantri Lestari | BH56: WAHYUNI DWI SUSANTI | BI56: None | BJ56: https://build.fillout.com/editor/kdFWQQWTckus/results?sessionId=7eaaf043-a17b-4894-a4f4-f9201cf123a6 | BK56: e2e09caa8dce38633385a5c792cea6ab
A57: 45b4ad33-6b35-41a3-bd23-d34827be721d | B57: Wed May 13 2026 21:19:00 GMT+0700 (Western Indonesia Time) | C57: Wed May 13 2026 20:57:00 GMT+0700 (Western Indonesia Time) | D57: finished | E57: Ending | F57: 105 | G57: 2026-05-13 | H57: WAHYUNI DWI SUSANTI | I57: Siti Rochmah | J57: 3515032703180003 | K57: https://prod-fillout-oregon-s3.s3.us-west-2.amazonaws.com/orgid-431168/flowpublicid-kdFWQQWTckus/1284fc91-1f03-4be4-acf8-8d3d115ea6ff-WAIBORq2fxV1cFuNfshHa7kAwaOBYX3STtm52KYQ71HjjW7UQmwpo0QE8zlwjGZTcUzE61knf1a8I1XbPUEsbzXwJ8BUQW5YEh0/Screenshot_20260513_095413_CamScanner.jpg | L57: Yuni Alidia | M57: Waung | N57: RT 005 RW 003 | O57: 1 | Q57: 2 | R57: 1 | S57: 1 | U57: 75 | V57: 2 | W57: 1 | X57: 1 | Y57: 1 | Z57: 2 | AA57: 1 | AB57: 1 | AC57: 1 | AD57: 1 | AE57: 7 | AF57: 1 | AG57: 1 | AH57: 2 | AL57: 350000 | AM57: 250000 | AN57: https://prod-fillout-oregon-s3.s3.us-west-2.amazonaws.com/orgid-431168/flowpublicid-kdFWQQWTckus/6173e9e6-4f5d-439b-93c6-8671a110cefd-zYd9PlGLWgnvUUwptUTlpX09TK7bzWaKW2PjHKob47hpgPlW8o3tLEkncOFYUKCDXm3SbGahywcHMe6nIGVlkKXQZDVKDvRET0M/1001032158.jpg | AO57: https://prod-fillout-oregon-s3.s3.us-west-2.amazonaws.com/orgid-431168/flowpublicid-kdFWQQWTckus/a95ce23b-6b88-4e0e-8a73-686e7c3ad294-EfcSyMvjhTOhfDHNhOG1EGQsE2hPY8k8FK417dEMW88el2N0JoPDjGgRxGIhohDKdcRk1fQ0Als8hKKpSIRLdE23tVAUQYvMNfn/1001031327.jpg | AP57: https://prod-fillout-oregon-s3.s3.us-west-2.amazonaws.com/orgid-431168/flowpublicid-kdFWQQWTckus/083c315a-e4fd-43bb-a755-83aa910d3f33-omPBBnsUfJ1NxI9xOCajjKuRfni3Ol5NT5lYWWdbbyTJuZYGlbOw7Kldgx1G9hrIHP9jOWykYSYjZK2sgBfMQuRofgGf7LtLxjz/1001031347.jpg | AQ57: 2 | AR57: 0 | AS57: 1 | AT57: 0 | AU57: 0 | AV57: 0 | AW57: 1 | AX57: 0 | AY57: 0 | BA57: 0 | BC57: 1 | BD57: 300000000 | BE57: 0 | BG57: Siti Rochmah | BH57: WAHYUNI DWI SUSANTI | BI57: None | BJ57: https://build.fillout.com/editor/kdFWQQWTckus/results?sessionId=45b4ad33-6b35-41a3-bd23-d34827be721d | BK57: e2e09caa8dce38633385a5c792cea6ab
A58: 18a1e918-2c4f-46cf-adf2-4500895667ea | B58: Wed May 13 2026 21:21:00 GMT+0700 (Western Indonesia Time) | C58: Wed May 13 2026 20:50:00 GMT+0700 (Western Indonesia Time) | D58: finished | E58: Ending | F58: 103 | G58: 2026-05-13 | H58: RINI WIJAYA | I58: Beny Wibowo | J58: 3515032501097236 | K58: https://prod-fillout-oregon-s3.s3.us-west-2.amazonaws.com/orgid-431168/flowpublicid-kdFWQQWTckus/0a61a758-976d-4bf9-95c7-28c6426eab00-8FBGuCphvMJk7d1CmxoFYwUoFf4TgtMCzGVoA5W23oYqRXfIr8Dsn0u5658PSr3DGD34EesLO43YzcoislGDhHNpPGc4ILMaLyB/WA_1778641270672.jpg | L58: Mifta Kusmaiyah | M58: Waung Utara | N58: RT 003 RW 002 | O58: 1 | Q58: 1 | R58: 1 | S58: 1 | U58: 136 | V58: 2 | W58: 1 | X58: 1 | Y58: 1 | Z58: 2 | AA58: 1 | AB58: 1 | AC58: 1 | AD58: 1 | AE58: 7 | AF58: 2 | AL58: 250 | AM58: 100 | AN58: https://prod-fillout-oregon-s3.s3.us-west-2.amazonaws.com/orgid-431168/flowpublicid-kdFWQQWTckus/0f31cf73-a4da-4e8e-b59a-5502d9033d04-w1ePjSZ7ii5BexT4xKVojiM9lg3kDAjZebJiqdq9iA9uU08weXCtz76xX2eZgHW42RIBC6DFyy5IP4EW4DAlP5bUALvlBIglX8Y/1000002158.jpg | AO58: https://prod-fillout-oregon-s3.s3.us-west-2.amazonaws.com/orgid-431168/flowpublicid-kdFWQQWTckus/6fabefdd-aa66-4136-86c3-317351509fc9-vL8KKBciO5eoC5bVdwiRF0MTXGKhXMv6TgdwMwSS6nNzsk24i7Y00rhyaHhG9punTb1icmmZfjvEDk9VO9XGszEixbe0LprYV2f/1000002160.jpg | AP58: https://prod-fillout-oregon-s3.s3.us-west-2.amazonaws.com/orgid-431168/flowpublicid-kdFWQQWTckus/59d73e81-6ec3-4dc8-95bc-623a3dda8231-HXdldoHUzriO4D7720a6ck7skvXm7wV2xNf94Olpgdu7RuxuBNndoIhqQpu7tuPctjCva9mNCv0Bgg6lsMtfdCM5f8SQlMdunc3/1000002163.jpg | AQ58: 1 | AR58: 0 | AS58: 1 | AT58: 0 | AU58: 0 | AV58: 0 | AW58: 2 | AX58: 0 | AY58: 2 | AZ58: 5 | BA58: 0 | BC58: 0 | BE58: 0 | BG58: Beny wibowo, Miftakusmaiyah, Didoardyantony, Rezvanghazzalialvaro, Tanvierarzaqshachio | BH58: RINI WIJAYA | BI58: None | BJ58: https://build.fillout.com/editor/kdFWQQWTckus/results?sessionId=18a1e918-2c4f-46cf-adf2-4500895667ea | BK58: 8909ef71140bfb0bba3eb8c6ec837382
A59: f508cdbe-7215-4079-83b6-e97c1930c08d | B59: Wed May 13 2026 21:21:00 GMT+0700 (Western Indonesia Time) | C59: Wed May 13 2026 20:41:00 GMT+0700 (Western Indonesia Time) | D59: finished | E59: Ending | F59: 106 | G59: 2026-05-13 | H59: SRI SUTARMI | I59: Sumantri | J59: 3515031001093420 | K59: https://prod-fillout-oregon-s3.s3.us-west-2.amazonaws.com/orgid-431168/flowpublicid-kdFWQQWTckus/b5dc5e60-4aeb-43be-b8a5-3df3f890751f-ZgTWxh1IPZaKLtAhCEiHeoFZIABOLQk2PIY8StfLDlZULaNXPXVYvCIoNl2DXj84lqCBLr7evEyUKJjW8trVjhNrqayIsMRtZlV/Screenshot_20260513-203836_Gallery.jpg | L59: Sumantri | M59: Waung | N59: RT 006 RW 003 | O59: 1 | Q59: 1 | R59: 1 | S59: 1 | U59: 60 | V59: 2 | W59: 2 | X59: 1 | Y59: 2 | Z59: 2 | AA59: 1 | AB59: 1 | AC59: 1 | AD59: 1 | AE59: 7 | AF59: 1 | AG59: 1 | AH59: 2 | AL59: 110000 | AM59: 50000 | AN59: https://prod-fillout-oregon-s3.s3.us-west-2.amazonaws.com/orgid-431168/flowpublicid-kdFWQQWTckus/49e37287-2c08-4450-b174-ff92f8998f26-hxxsDy8XOKbW2dU49CId1Uvt7fJwKvtLyG46V0tdzJk2MZEAZXB23UssBEbGwu6FNVx6l9sQjPhrvLm5NERYN4VEpJQ4D7YCwcL/Screenshot_20260513-203849_Gallery.jpg | AO59: https://prod-fillout-oregon-s3.s3.us-west-2.amazonaws.com/orgid-431168/flowpublicid-kdFWQQWTckus/b24c1011-4a21-41ee-8d0e-2310d859b9d6-rlzOGnDSUcZIYgnZnhSqmLijPxIR39JlNB7bmXdYFiP0ZGq3vwupyUrI7KTR8SEkAJakFgd0JUE9YAeRDe1u0CwzFrmPIvopyso/Screenshot_20260513-203855_Gallery.jpg | AP59: https://prod-fillout-oregon-s3.s3.us-west-2.amazonaws.com/orgid-431168/flowpublicid-kdFWQQWTckus/92bea0a1-7cfc-4a3e-a79a-c851c055fca0-jPa0WcaicrP1zxPwI0l2chwZj5sNm5KvmaatPLNj2LVjddXvq76m6EFl8K1Sbe38L3C55oHzk5vRv9ZuLa4Ub3jrkHeyFruziNq/Screenshot_20260513-203901_Gallery.jpg | AQ59: 1 | AR59: 0 | AS59: 1 | AT59: 0 | AU59: 0 | AV59: 0 | AW59: 1 | AX59: 0 | AY59: 1 | AZ59: 8000000 | BA59: 0 | BC59: 0 | BE59: 0 | BG59: Sumantri, Slamet mulyono, Sarwono adi | BH59: SRI SUTARMI | BI59: None | BJ59: https://build.fillout.com/editor/kdFWQQWTckus/results?sessionId=f508cdbe-7215-4079-83b6-e97c1930c08d | BK59: 91d22f4714f303157d11716cb9588443
A60: 3f14301d-8495-4f04-90e6-8d3c151ecc25 | B60: Wed May 13 2026 21:31:00 GMT+0700 (Western Indonesia Time) | C60: Wed May 13 2026 19:57:00 GMT+0700 (Western Indonesia Time) | D60: finished | E60: Ending | F60: 104 | G60: 2026-05-13 | H60: SITI AISYAH | I60: Khoirul Amin | J60: 3515032210190001 | K60: https://prod-fillout-oregon-s3.s3.us-west-2.amazonaws.com/orgid-431168/flowpublicid-kdFWQQWTckus/be0a7d4c-fd82-4d48-97ac-7ccf1363389e-KkwiqyYZLfnTlJ0sscAv2NABtdyrLE46vWFV6qyo9ZswzvM8N55ARmKHAFBx2HYizxZVH0IxoE7Wz19Uq1kvMLzCgnsnAvMC11x/KK-Khoirul-Amin.jpg | L60: Khoirul Amin | M60: Waung | N60: RT 004 RW 002 | O60: 1 | Q60: 2 | R60: 3 | U60: 48 | V60: 1 | W60: 1 | X60: 1 | Y60: 1 | Z60: 2 | AA60: 1 | AB60: 1 | AC60: 1 | AD60: 1 | AE60: 1 | AF60: 2 | AL60: 0 | AM60: 100000 | AN60: https://prod-fillout-oregon-s3.s3.us-west-2.amazonaws.com/orgid-431168/flowpublicid-kdFWQQWTckus/8eed5aff-32ff-453b-af1d-987b8a211fc6-mRKoIbsF3SRXxWemofgwSxWPoNb6Wq8SjwFlHD5kqvkCNQZuW6gkXCHRpDWdvf4k7y8id46cgUejK32KFZ09ZvUCTyu623z7DAn/216014.jpg | AO60: https://prod-fillout-oregon-s3.s3.us-west-2.amazonaws.com/orgid-431168/flowpublicid-kdFWQQWTckus/47a7773d-28b1-479e-856b-ab49f17179e2-eTjx1ODZqPfRFuDhQ6aCmj69kBqj1idRxJ8PIxa0LqHuYtieZps6KcbLnctiycOpMWnOrca0fmLv12rdvR6Q4emCt8Wav6HW431/216015.jpg | AP60: https://prod-fillout-oregon-s3.s3.us-west-2.amazonaws.com/orgid-431168/flowpublicid-kdFWQQWTckus/8518c0f2-4cde-4059-9fa8-56550f9c6ba6-UY4MAe7fxekgZxUwRD83wKsFffAwA6iMWKh0wRCP6EAIDGcrvqAZsJCWWGJwm4qZiFUZlGlGye3IHsijfauXBnsRKjcghudUMbV/216750.jpg | AQ60: 1 | AR60: 0 | AS60: 0 | AT60: 0 | AU60: 20 | AV60: 0 | AW60: 1 | AX60: 0 | AY60: 2 | AZ60: 28000000 | BA60: 1 | BB60: 100000000 | BC60: 1 | BD60: 80000000 | BE60: 0 | BG60: Khoirul Amin, Dwi Januarindri Rahayu, Muhammad Hafiy Al Fadani, Muhammad Erza Al Rayyan | BH60: SITI AISYAH | BI60: None | BJ60: https://build.fillout.com/editor/kdFWQQWTckus/results?sessionId=3f14301d-8495-4f04-90e6-8d3c151ecc25 | BK60: 87b2be06fe24b23c1179242f77cbe214
A61: 6214690e-7222-4797-a31a-c3f6b4fc950a | B61: Wed May 13 2026 21:52:00 GMT+0700 (Western Indonesia Time) | C61: Wed May 13 2026 21:22:00 GMT+0700 (Western Indonesia Time) | D61: finished | E61: Ending | F61: 103 | G61: 2026-05-13 | H61: RINI WIJAYA | I61: Sukarti | J61: 351503210011600005 | K61: https://prod-fillout-oregon-s3.s3.us-west-2.amazonaws.com/orgid-431168/flowpublicid-kdFWQQWTckus/8289249c-6218-4684-b677-78c09e2e435f-PJ9MImsjgOJsaGK4Y3Ek7VNtIBJszfIGHK3G29aftAny14oPqd7261mKJcMWlNyIfNfjsr1rvqRgpEtBLdoNSf3fvzCYbfLwgA0/IMG-20260513-WA0070(9).jpg | L61: Sukarti | M61: Waung utara | N61: RT 003 RW 002 | O61: 1 | Q61: 2 | R61: 3 | U61: 10 | V61: 2 | W61: 1 | X61: 1 | Y61: 1 | Z61: 2 | AA61: 2 | AB61: 1 | AC61: 1 | AD61: 1 | AE61: 7 | AF61: 2 | AL61: 50 | AM61: 0 | AN61: https://prod-fillout-oregon-s3.s3.us-west-2.amazonaws.com/orgid-431168/flowpublicid-kdFWQQWTckus/7d28d43b-5331-4aae-bef4-26204e178462-wTOe3eMiUNg4agjZnzcPlbRLVYTrN8KTnY2AZTLb2dyuJBC569yodPc8WWNOlLPy5CnsIYVl02R44m6ExdQUpro204s0wdYF9GQ/1000002167.jpg | AO61: https://prod-fillout-oregon-s3.s3.us-west-2.amazonaws.com/orgid-431168/flowpublicid-kdFWQQWTckus/64d1f6b5-ff70-4120-9b6b-3c3da6260e1e-RJ75fEyAMhhQW2Ibp3GdiT00zuRnUKqZOoZ9zm9iZkTMc3onq0fgt4Ow8ehAKfsanPUBRCcKahJzpTBonsxtuVVWF6Os4SpTgaZ/1000002233.jpg | AP61: https://prod-fillout-oregon-s3.s3.us-west-2.amazonaws.com/orgid-431168/flowpublicid-kdFWQQWTckus/c98d63ae-1c40-4990-8372-981849154c5b-PeImABBQa1w3kNHDxJkORJkHCNRO9HqAOZJODN0ELgcBQSLsBgpY2CPb6LAMyPwDlXhtHt3AUhDl82NVtWRIFbfkRqPNDxTJpR3/1000002171.jpg | AQ61: 1 | AR61: 0 | AS61: 0 | AT61: 0 | AU61: 0 | AV61: 0 | AW61: 0 | AX61: 0 | AY61: 0 | BA61: 0 | BC61: 0 | BE61: 0 | BG61: Sukarti | BH61: RINI WIJAYA | BI61: None | BJ61: https://build.fillout.com/editor/kdFWQQWTckus/results?sessionId=6214690e-7222-4797-a31a-c3f6b4fc950a | BK61: 8909ef71140bfb0bba3eb8c6ec837382
A62: b23433a3-2225-4353-a56b-d0ec063e5ffa | B62: Wed May 13 2026 22:00:00 GMT+0700 (Western Indonesia Time) | C62: Wed May 13 2026 21:20:00 GMT+0700 (Western Indonesia Time) | D62: finished | E62: Ending | F62: 105 | G62: 2026-05-13 | H62: WAHYUNI DWI SUSANTI | I62: Sugiantoro | J62: 3515032307140003 | K62: https://prod-fillout-oregon-s3.s3.us-west-2.amazonaws.com/orgid-431168/flowpublicid-kdFWQQWTckus/bc95e324-5dba-4063-a34c-495e4cea93b5-mJSyXJQefhXFkZ4NEDjZrrhekkgSBGBWHwxxzt6cEGysdmbyGPQjx3hVoy8XGBfDRs7ySD1kEXlZWi0o0vzYRdxDpRMzAly8oD9/Screenshot_20260513_095750_WPS-Office.jpg | L62: Yuni Alidia | M62: Waung | N62: RT 005 RW 003 | O62: 1 | Q62: 2 | R62: 3 | U62: 75 | V62: 2 | W62: 1 | X62: 1 | Y62: 1 | Z62: 2 | AA62: 1 | AB62: 1 | AC62: 1 | AD62: 1 | AE62: 7 | AF62: 2 | AL62: 0 | AM62: 0 | AN62: https://prod-fillout-oregon-s3.s3.us-west-2.amazonaws.com/orgid-431168/flowpublicid-kdFWQQWTckus/7c991f45-3ef7-4aea-83e4-39d648c08618-yDqWNHtHuUvkwrhbrwDX4h5KmDD5DBP2BoR9VoDOKBmQHl6Dbac4ljmqdy6W8CVSMtr2xiAJsYtucYlLnbyCge0yqXc0TmvonKt/1001032158.jpg | AO62: https://prod-fillout-oregon-s3.s3.us-west-2.amazonaws.com/orgid-431168/flowpublicid-kdFWQQWTckus/b6f4b8be-0d4d-4d05-8e04-afd235415a02-MSO2vfjiyfSDD2mRqiNb5IhJGe3DgQnF4CfioINUSamnj4ObAz95cduSsnicAQ1S7tlafpHldy4zBa8iFWDqFmqcuy7f7huno2V/1001031327.jpg | AP62: https://prod-fillout-oregon-s3.s3.us-west-2.amazonaws.com/orgid-431168/flowpublicid-kdFWQQWTckus/740aee42-96b4-4d04-96c0-36d56c1c8630-lzx2UywQEOl7g4KhxF24bpGSH49OJUWEkAUyw5MWKXktc5a4hZnpQPjpCEDElpfl99fCHyDnf4BydjRfgb4nWiV2epDfvdRSDGd/1001031347.jpg | AQ62: 1 | AR62: 0 | AS62: 0 | AT62: 0 | AU62: 0 | AV62: 0 | AW62: 1 | AX62: 0 | AY62: 1 | AZ62: 5000000 | BA62: 0 | BC62: 0 | BE62: 0 | BG62: Sugiantoro, Yuni Alidia , Muhammad Khafif Ardianto | BH62: WAHYUNI DWI SUSANTI | BI62: None | BJ62: https://build.fillout.com/editor/kdFWQQWTckus/results?sessionId=b23433a3-2225-4353-a56b-d0ec063e5ffa | BK62: e2e09caa8dce38633385a5c792cea6ab
A63: c7fd43e7-70b8-4a29-aa07-b98c635eee42 | B63: Wed May 13 2026 22:06:00 GMT+0700 (Western Indonesia Time) | C63: Wed May 13 2026 21:39:00 GMT+0700 (Western Indonesia Time) | D63: finished | E63: Ending | F63: 104 | G63: 2026-05-13 | H63: SITI AISYAH | I63: Riyanto | J63: 3515031001093332 | K63: https://prod-fillout-oregon-s3.s3.us-west-2.amazonaws.com/orgid-431168/flowpublicid-kdFWQQWTckus/7b8dbc39-54f5-4158-a8ea-e8c2b018f46a-a58rqnEHrIxMMR8zF309TQrcYwxuPbzffLhE1XNTfu0d9I2fzyft7xoiGUlsGsrzykNwDlRHc3Npl4bb2oDOtWxN80WXX1PmbaC/KK-Riyanto.jpg | L63: Riyanto | M63: Waung | N63: RT 004 RW 002 | O63: 1 | Q63: 1 | R63: 1 | S63: 1 | U63: 90 | V63: 2 | W63: 1 | X63: 1 | Y63: 1 | Z63: 2 | AA63: 1 | AB63: 1 | AC63: 1 | AD63: 1 | AE63: 1 | AF63: 1 | AG63: 1 | AH63: 2 | AL63: 150000 | AM63: 0 | AN63: https://prod-fillout-oregon-s3.s3.us-west-2.amazonaws.com/orgid-431168/flowpublicid-kdFWQQWTckus/8c1b7062-05a7-47da-b326-c0ed0878fb2e-Z41QssGXPEOKgrBW2VsJ4y6sfFdNqGDY1jq1I1NUMpg5IHhKcQGWJVnHqjpYSx7fWYc84m0FA7QpcHM85wlDcqUsQv3dMWZpSvy/215560.jpg | AO63: https://prod-fillout-oregon-s3.s3.us-west-2.amazonaws.com/orgid-431168/flowpublicid-kdFWQQWTckus/36965509-daf9-468a-a903-b6f43d8dc1dc-XO9LxWcijw355PdV6ouUHiF7R4GLsxYWjGQY84dCXl7razDY6W02mDVb6Q9Pkjg9XmDHlILmPRq7H0pHfpTMsYC4b1yBwEYjSq1/216844.jpg | AP63: https://prod-fillout-oregon-s3.s3.us-west-2.amazonaws.com/orgid-431168/flowpublicid-kdFWQQWTckus/3669a15a-f20f-4f30-b15a-b9f36599bd12-PqcRPgRG2oSYvjah8cw1FI6MlKytkfxP6jRfwYtXDcIZAAXK6bLZ158pGGymA02PmczjHcKtiuWZWtOYqnhaCLIHBCjg7NKscyb/216847.jpg | AQ63: 1 | AR63: 0 | AS63: 1 | AT63: 0 | AU63: 0 | AV63: 0 | AW63: 1 | AX63: 0 | AY63: 1 | AZ63: 7000000 | BA63: 0 | BC63: 0 | BE63: 0 | BG63: Riyanto | BH63: SITI AISYAH | BI63: None | BJ63: https://build.fillout.com/editor/kdFWQQWTckus/results?sessionId=c7fd43e7-70b8-4a29-aa07-b98c635eee42 | BK63: 87b2be06fe24b23c1179242f77cbe214
A64: abd8f1a0-fa49-4009-8dc0-e55db7b35354 | B64: Wed May 13 2026 22:07:00 GMT+0700 (Western Indonesia Time) | C64: Wed May 13 2026 21:52:00 GMT+0700 (Western Indonesia Time) | D64: finished | E64: Ending | F64: 3 | G64: 2026-05-13 | H64: Rini wijaya | I64: Sarkamah | J64: 3515030812250006 | K64: https://prod-fillout-oregon-s3.s3.us-west-2.amazonaws.com/orgid-431168/flowpublicid-kdFWQQWTckus/e46c628f-ef59-43ce-9a80-fb74edce70e9-BxEIUzbNBfZHCphw0Z0MIvEjlsBhmEKDqtUpiWutaVhglSXtdCUoa4DV3abWURdddJgIl2Nnni1gWDLotKiy0qk1k5PvSQ0QazM/WA_1778645407260.jpg | L64: Sarkamah | M64: Waung utara | N64: RT 003 RW 002 | O64: 1 | Q64: 2 | R64: 3 | U64: 50 | V64: 2 | W64: 1 | X64: 1 | Y64: 2 | Z64: 2 | AA64: 2 | AB64: 1 | AC64: 1 | AD64: 1 | AE64: 7 | AF64: 1 | AG64: 1 | AH64: 1 | AL64: 65 | AM64: 0 | AN64: https://prod-fillout-oregon-s3.s3.us-west-2.amazonaws.com/orgid-431168/flowpublicid-kdFWQQWTckus/81c64f10-bb60-4da4-a476-0152e4b459c9-hfg0q51QYbpN04acVQnfF1YEx0VcWzas7pl9dV8y4GIlPoo9hrIKN4kquK35bu6JTXrmVDVo6ZzG6dAapvpRa459rJaFZfCnYXr/1000002217.jpg | AO64: https://prod-fillout-oregon-s3.s3.us-west-2.amazonaws.com/orgid-431168/flowpublicid-kdFWQQWTckus/7e1afd22-1acf-437f-af68-bae8703f639d-mDlwlHoFK3QN1HwQ7lqkVavXIhGwasbtuviSR5brOF7P8gqISytCT32Fcv8kS6n1MXNqU7ZtGqGTvrYtwCPXX6YiCgVMuyctbgJ/1000002219.jpg | AP64: https://prod-fillout-oregon-s3.s3.us-west-2.amazonaws.com/orgid-431168/flowpublicid-kdFWQQWTckus/d60dcff9-48df-4d12-a6bc-66f165bb443d-wX9adOpdrXuZZ9RGb0iHnfsZVBOMC80HEXkX88UaziCrjsfg57J4P4KzOdPIvB9RHqwazVqnxb43te1B2dVg1D14XTTOgzWSPXo/1000002221.jpg | AQ64: 1 | AR64: 0 | AS64: 0 | AT64: 0 | AU64: 0 | AV64: 0 | AW64: 0 | AX64: 0 | AY64: 0 | BA64: 0 | BC64: 0 | BE64: 0 | BG64: Sarkamah | BI64: None | BJ64: https://build.fillout.com/editor/kdFWQQWTckus/results?sessionId=abd8f1a0-fa49-4009-8dc0-e55db7b35354 | BK64: 8909ef71140bfb0bba3eb8c6ec837382
A65: b34307b2-6412-462d-8d9f-3662dacdb439 | B65: Wed May 13 2026 23:18:00 GMT+0700 (Western Indonesia Time) | C65: Wed May 13 2026 22:35:00 GMT+0700 (Western Indonesia Time) | D65: finished | E65: Ending | F65: 106 | G65: 2026-05-13 | H65: SRI SUTARMI | I65: Nur Cahyo Eko Putro | J65: 3515032501097280 | K65: https://prod-fillout-oregon-s3.s3.us-west-2.amazonaws.com/orgid-431168/flowpublicid-kdFWQQWTckus/97d1e2d1-6355-44b3-ae65-348a70e57866-EtYzZZx2pQTdAd5qPAKwbvmjFnNvgYCZ4rBckK51ykwv1OvW9XkJjXxz1gS3NuUUZPlTAnS51doPiJRosaXiC2BjLcm0O4Heew0/Screenshot_20260513-212853_Gallery.jpg | L65: Rurul fitriyah | M65: Waung | N65: RT 006 RW 003 | O65: 1 | Q65: 2 | R65: 1 | S65: 1 | U65: 120 | V65: 2 | W65: 1 | X65: 1 | Y65: 2 | Z65: 2 | AA65: 1 | AB65: 1 | AC65: 1 | AD65: 1 | AE65: 7 | AF65: 1 | AG65: 1 | AH65: 2 | AL65: 165000 | AM65: 200000 | AN65: https://prod-fillout-oregon-s3.s3.us-west-2.amazonaws.com/orgid-431168/flowpublicid-kdFWQQWTckus/1dca5571-c924-4b13-8690-99721855403c-IxzijbeRRXPhqjq4zp1sFr39DnLNVcnNm12shZIR9w1cTs6MtPBDxlhFhOMOnm9i41RxBd7vwieof4dOP7DrnWvUPFe2DFGz4yb/Screenshot_20260513-212931_Gallery.jpg | AO65: https://prod-fillout-oregon-s3.s3.us-west-2.amazonaws.com/orgid-431168/flowpublicid-kdFWQQWTckus/4b04d60f-f287-4945-835a-d21fe18f25a2-p1gh5UL186ODyc4W67H18fusdclLuDSYVLMB7mHAcXviejWYAIUGyOS3UxlOIb824pjktxNH1glTAteK3goec0DFNtjuJwxgVNI/Screenshot_20260513-212916_Gallery.jpg | AP65: https://prod-fillout-oregon-s3.s3.us-west-2.amazonaws.com/orgid-431168/flowpublicid-kdFWQQWTckus/461446e0-5e10-4f93-91df-2b2b25fe0252-87AdzrJRQQ5oVkccR47Ml9Kbg3sCuQ9udbydfVtGoRIox1NNJLFivynIwlQ7hGqLpTZ4BNIFxH72g8AgXZLxu59od3QymmYsBlV/Screenshot_20260513-212924_Gallery.jpg | AQ65: 2 | AR65: 0 | AS65: 1 | AT65: 0 | AU65: 6 | AV65: 1 | AW65: 2 | AX65: 0 | AY65: 3 | AZ65: 17000000 | BA65: 0 | BC65: 0 | BE65: 0 | BG65: Nur Cahyo Eko Putro, Rurul Fitriyah, Amalia Wanda Deva Nur Cahyo, Abyan Bayu Nur Cahyo | BH65: SRI SUTARMI | BI65: None | BJ65: https://build.fillout.com/editor/kdFWQQWTckus/results?sessionId=b34307b2-6412-462d-8d9f-3662dacdb439 | BK65: 91d22f4714f303157d11716cb9588443
A66: b89f62bd-f7d4-43e4-af22-1bae00bfa2ec | B66: Wed May 13 2026 23:46:00 GMT+0700 (Western Indonesia Time) | C66: Wed May 13 2026 23:19:00 GMT+0700 (Western Indonesia Time) | D66: finished | E66: Ending | F66: 106 | G66: 2026-05-13 | H66: SRI SUTARMI | I66: Sulasih | J66: 3515031001093419 | K66: https://prod-fillout-oregon-s3.s3.us-west-2.amazonaws.com/orgid-431168/flowpublicid-kdFWQQWTckus/e30e72ab-8a95-46a7-9f8a-b8cf3546d7a0-POHLGcpPhdvkO6PaKBJ0gz57rpo8GCZ8mnZ1VVWp2hplA6vSWT5bkTsdjRzWmfSGP3RwdnJLZXIqIYR18hLavbNoYhGOgOjSalj/Screenshot_20260513-232850_Gallery.jpg | L66: Rurul fitriyah | M66: Waung | N66: RT 006 RW 003 | O66: 1 | Q66: 2 | R66: 1 | S66: 1 | U66: 10 | V66: 2 | W66: 1 | X66: 1 | Y66: 2 | Z66: 2 | AA66: 1 | AB66: 1 | AC66: 1 | AD66: 1 | AE66: 7 | AF66: 1 | AG66: 1 | AH66: 2 | AL66: 0 | AM66: 0 | AN66: https://prod-fillout-oregon-s3.s3.us-west-2.amazonaws.com/orgid-431168/flowpublicid-kdFWQQWTckus/251d46e8-5a54-401f-858f-203873e08080-yILWMghkZnUr8vnpiADfgTjo6w4zcyQnJNDu8PrfTTYmvc1y6wbYGvaVXzmttvixcKnuUVYlld881KW2OvnEFhYitjsUv7pcAKl/Screenshot_20260513-212931_Gallery.jpg | AO66: https://prod-fillout-oregon-s3.s3.us-west-2.amazonaws.com/orgid-431168/flowpublicid-kdFWQQWTckus/fcf5194f-86d0-437b-a7fa-033913c3904e-mPBzFR0YfBr4udV8J1PCDafRTn0pZmsdynS852GPOrIEI3QmOd0cV2IFhlFODjfGgN6yXsTKbZXtuf76SEyiJ6IzsFadn9J49AH/Screenshot_20260513-212916_Gallery.jpg | AP66: https://prod-fillout-oregon-s3.s3.us-west-2.amazonaws.com/orgid-431168/flowpublicid-kdFWQQWTckus/9c0caf0e-5be4-4a7e-98a0-ba14d358e82e-pZBpxoN45uPkpQYuLBs2NyGJ2wjbOcgmLc3JUKLNm5ugeaTvImtpdsfGgZOKPTQNMLaVH9VGp90XKpsrgNwR9LPv76PiJGLzIxt/Screenshot_20260513-212924_Gallery.jpg | AQ66: 0 | AR66: 0 | AS66: 0 | AT66: 0 | AU66: 3 | AV66: 0 | AW66: 0 | AX66: 0 | AY66: 0 | BA66: 0 | BC66: 6000 | BD66: 360000000 | BE66: 0 | BG66: Sulasih | BH66: SRI SUTARMI | BI66: None | BJ66: https://build.fillout.com/editor/kdFWQQWTckus/results?sessionId=b89f62bd-f7d4-43e4-af22-1bae00bfa2ec | BK66: 91d22f4714f303157d11716cb9588443
A67: e5443106-1a32-4033-817d-057608907819 | B67: Thu May 14 2026 02:28:00 GMT+0700 (Western Indonesia Time) | C67: Wed May 13 2026 15:38:00 GMT+0700 (Western Indonesia Time) | D67: finished | E67: Ending | F67: 102 | G67: 2026-05-13 | H67: WIWIK INDARTI | I67: Mamayati | J67: 3515031001093257 | K67: https://prod-fillout-oregon-s3.s3.us-west-2.amazonaws.com/orgid-431168/flowpublicid-kdFWQQWTckus/8d45b03a-6822-4a7a-afde-f778dae87487-GTNdq2Y3NWtmUdkZFDeSX3vrIl3F94Atd8wjdhqw4CSj4GmoWZnYmoBjWTkk24Sa0a8lvxNrLm6rf1WmxEEoL3k7k31BlMOyUPx/35163bda-9c6c-4d49-a04f-3b22c93024d2.jpg | L67: Mamayati | M67: Waung | N67: RT 002 RW 001 | O67: 1 | Q67: 2 | R67: 1 | S67: 1 | U67: 30 | V67: 2 | W67: 1 | X67: 1 | Y67: 1 | Z67: 2 | AA67: 1 | AB67: 1 | AC67: 1 | AD67: 1 | AE67: 4 | AF67: 1 | AG67: 1 | AH67: 3 | AL67: 0 | AM67: 0 | AN67: https://prod-fillout-oregon-s3.s3.us-west-2.amazonaws.com/orgid-431168/flowpublicid-kdFWQQWTckus/0f5dd8b4-6d79-471d-827d-6cd4b8844117-YNQZs30gFsnsuFufouStLOQ82kiNRq7eF31WdwLHuy7Q2ZHGhF9D6n43jKexrwnnE0t6iv058LrWVbZqNfNwFjvee7jjnRnaiLW/b2815775-219c-4741-b14c-e57d9d58b505.jpg | AO67: https://prod-fillout-oregon-s3.s3.us-west-2.amazonaws.com/orgid-431168/flowpublicid-kdFWQQWTckus/ce1aafce-2462-4fb2-912a-39df12f164f1-t2mGIeAn6OWtigqRRk6bZpLzFxKkaorhO8jSLc1MhyI8WSSIRxbQunUADmSKN8lALx2STDats2edQojb6czxYYpxyTBZu2tBzay/82ff0da4-6e1d-4f57-8690-b21257a2b66c.jpg | AP67: https://prod-fillout-oregon-s3.s3.us-west-2.amazonaws.com/orgid-431168/flowpublicid-kdFWQQWTckus/2e0328c2-d177-4b81-b920-87d1512d55d0-cuB9bk0km1OJI5TIg8JSHKd6i73aEEaD0bHX5tT8PpSYklqX7cIV3Vc9Ckav2SRD1M6SyZMKXQJYDpxlVlzC4b4VVZrPv1t4xfK/3f80b9fc-846e-4b78-8a35-ebae909a4c11.jpg | AQ67: 0 | AR67: 0 | AS67: 0 | AT67: 0 | AU67: 3 | AV67: 0 | AW67: 1 | AX67: 0 | AY67: 0 | BA67: 0 | BC67: 0 | BE67: 0 | BG67: Mamayati | BH67: WIWIK INDARTI | BI67: None | BJ67: https://build.fillout.com/editor/kdFWQQWTckus/results?sessionId=e5443106-1a32-4033-817d-057608907819 | BK67: cc1d1ff0e578949edf257bb3216531eb
A68: 4413345c-1f0c-4c2e-b506-b841aee71f7d | B68: Thu May 14 2026 02:42:00 GMT+0700 (Western Indonesia Time) | C68: Thu May 14 2026 02:29:00 GMT+0700 (Western Indonesia Time) | D68: finished | E68: Ending | F68: 102 | G68: 2026-05-14 | H68: WIWIK INDARTI | I68: Astutik | J68: 3515034509680002 | K68: https://prod-fillout-oregon-s3.s3.us-west-2.amazonaws.com/orgid-431168/flowpublicid-kdFWQQWTckus/df042cb7-cc49-4faa-850d-16eda90ba935-ZMfvlK5hdniPLAmRoNAlzw9KBESzFAP5KK5BT66Mp7srG17fKh9xDIjL9hCL9PmoaNFadNufVecDkW9991DfGlsRjgJ3tN7ssvt/3963E834-3025-4247-B498-5C4DA997C265.jpg | L68: Astutik | M68: Waung | N68: RT 002 RW 001 | O68: 1 | Q68: 2 | R68: 1 | S68: 1 | U68: 36 | V68: 6 | W68: 2 | X68: 1 | Y68: 1 | Z68: 4 | AA68: 1 | AB68: 1 | AC68: 1 | AD68: 1 | AE68: 5 | AF68: 1 | AG68: 1 | AH68: 1 | AL68: 0 | AM68: 0 | AN68: https://prod-fillout-oregon-s3.s3.us-west-2.amazonaws.com/orgid-431168/flowpublicid-kdFWQQWTckus/c6752130-df16-4c51-95dd-8ed64aea05c5-IlUB0UqoAWLYgMwpDUZzqK5KhHdmRK5BxydjGW9HbhzioVagYjAEV2aC85gYaSKLbitcCcxM7pROlukX2HNc2VaBkI9uf0Cg8AI/1e112bc1-c514-475e-8af3-53a7f5fb3ab1.jpg | AO68: https://prod-fillout-oregon-s3.s3.us-west-2.amazonaws.com/orgid-431168/flowpublicid-kdFWQQWTckus/01c5c1a3-0838-488c-b20e-00e8e0fafc2d-r7wkw6jLLZTAHkl723UdiU5QuOnTxHRm2qbf7e96AqEpHaxvYB19WOmbK1gZheHuM6J1aHuWuldmftM6mt67KQzGpHE6VREGtOy/b1cfa119-5ce9-46bb-81a5-13b6afe3d621.jpg | AP68: https://prod-fillout-oregon-s3.s3.us-west-2.amazonaws.com/orgid-431168/flowpublicid-kdFWQQWTckus/90512c33-e103-4d5b-89d4-85e021feba21-YdKk8Ashy78OxOrMFOEGXpihGqfX2UW6hLNT7cMLSzYz0sKHZDDpQFLP6MA54eE1Mvo9UCna7Ylkt3C0yqZr7IKpCd9rD7OrLaT/486c9e2d-c87c-412e-847a-bcc8c1fa679a.jpg | AQ68: 1 | AR68: 0 | AS68: 0 | AT68: 0 | AU68: 0 | AV68: 0 | AW68: 0 | AX68: 0 | AY68: 0 | BA68: 0 | BC68: 0 | BE68: 0 | BG68: Astutik | BH68: WIWIK INDARTI | BI68: None | BJ68: https://build.fillout.com/editor/kdFWQQWTckus/results?sessionId=4413345c-1f0c-4c2e-b506-b841aee71f7d | BK68: cc1d1ff0e578949edf257bb3216531eb
A69: d9738961-1f58-4475-83a6-9315f5d43ede | B69: Thu May 14 2026 09:53:00 GMT+0700 (Western Indonesia Time) | C69: Thu May 14 2026 09:08:00 GMT+0700 (Western Indonesia Time) | D69: finished | E69: Ending | F69: 102 | G69: 2026-05-14 | H69: WIWIK INDARTI | I69: Supriono | J69: 3515031001093283 | K69: https://prod-fillout-oregon-s3.s3.us-west-2.amazonaws.com/orgid-431168/flowpublicid-kdFWQQWTckus/d181440e-1d81-43cd-ae18-60e8975f1854-0tncS0j8HgUS68Xe0F4Azmy0cESg3gdXqQEqzPQqnBVOHa9peXunbf5nI5MSBmXUvqHFoCgpTMaebBn6MtoXKq71WZ3oqGiyFjm/218cb9a1-a711-42c9-8d5d-1383866ff609.jpg | L69: Suwatin | M69: Waung | N69: RT 002 RW 001 | O69: 1 | Q69: 1 | R69: 1 | S69: 1 | U69: 140 | V69: 2 | W69: 1 | X69: 1 | Y69: 1 | Z69: 2 | AA69: 1 | AB69: 1 | AC69: 1 | AD69: 1 | AE69: 7 | AF69: 1 | AG69: 1 | AH69: 2 | AL69: 0 | AM69: 0 | AN69: https://prod-fillout-oregon-s3.s3.us-west-2.amazonaws.com/orgid-431168/flowpublicid-kdFWQQWTckus/f4beffb6-fb55-4e65-ac9d-a9b6e2d9c165-gB1ZbzWzl8DypTKa6SJ5dlFyYxwjlGAlYEuZUKZJWsvYkFPR2XugVRHOMHn2a3CGhnqjEKuZOrR4HqqfCwIz91tNavjl4IvgxSZ/c1f18df2-1792-4506-a4ed-93eeb55a5ae4.jpg | AO69: https://prod-fillout-oregon-s3.s3.us-west-2.amazonaws.com/orgid-431168/flowpublicid-kdFWQQWTckus/515299f3-db8d-403d-90ad-03d33c8f8468-yrdHqiOVMH57iSucXJhhqaKEtY2UZqcI73FqbchckOh9mhBRhRjC0IcQcR2tXXGamVFvMDRPHgk8dwPOILPN0PDZGjnLno0PzPU/4705acfb-1ee4-450b-82ec-70887a10dfd4.jpg | AP69: https://prod-fillout-oregon-s3.s3.us-west-2.amazonaws.com/orgid-431168/flowpublicid-kdFWQQWTckus/ec91d335-2d69-41a8-94dd-074eb7d74a34-Nc0sc0X9EZPt59obpZBET5hV3NY9Jy6rYJ6Cbvcrt1TpizQ6tpqKJmD0w4VX7xxfIS82i6XvJtCCxdZ2Z8vZvye3osNAoB42BDZ/a9919032-f660-4bd3-8de0-cc5708c949bd.jpg | AQ69: 1 | AR69: 1 | AS69: 1 | AT69: 0 | AU69: 5 | AV69: 0 | AW69: 1 | AX69: 0 | AY69: 0 | BA69: 0 | BC69: 1500 | BD69: 120000000 | BE69: 0 | BG69: Supriono, Suwatin | BH69: WIWIK INDARTI | BI69: None | BJ69: https://build.fillout.com/editor/kdFWQQWTckus/results?sessionId=d9738961-1f58-4475-83a6-9315f5d43ede | BK69: cc1d1ff0e578949edf257bb3216531eb
A70: d4b6ae8e-f84f-453e-a067-fc409b5b8216 | B70: Thu May 14 2026 10:23:00 GMT+0700 (Western Indonesia Time) | C70: Thu May 14 2026 09:53:00 GMT+0700 (Western Indonesia Time) | D70: finished | E70: Ending | F70: 102 | G70: 2026-05-14 | H70: WIWIK INDARTI | I70: Kasiyati | J70: 3515031109250001 | K70: https://prod-fillout-oregon-s3.s3.us-west-2.amazonaws.com/orgid-431168/flowpublicid-kdFWQQWTckus/420d1723-6765-408a-b9b3-aae0ed67c420-1jmBFRdwMDWTgsEbljzaR990urUbPAbTjDSTL7aEx05FYoCalDNIAs57hYPOY96FVaP5CUvwnwSJ9g4dfg2IZZ5fUH6dyuyw9V8/94601DD6-74C3-40FA-8B66-58409DD39104.jpg | L70: Kasiyati | M70: Waung | N70: RT 002 RW 001 | O70: 1 | Q70: 1 | R70: 1 | S70: 1 | U70: 80 | V70: 2 | W70: 1 | X70: 1 | Y70: 1 | Z70: 2 | AA70: 1 | AB70: 1 | AC70: 1 | AD70: 1 | AE70: 7 | AF70: 1 | AG70: 1 | AH70: 1 | AL70: 50 | AM70: 0 | AN70: https://prod-fillout-oregon-s3.s3.us-west-2.amazonaws.com/orgid-431168/flowpublicid-kdFWQQWTckus/95340a51-a266-470c-b33d-0ef2d4cd6866-K9tBVK3YwyBKQ1sEv6ZCYVz1AHrP8msXLsd9wYJczrAtgBT5vttaMVhScJl9lFqbzDNvwJhHnppQoZ6Lw8f2E2jS9LDM8UjGPXQ/ee885d1f-1a2e-4d44-ba5d-a5cc2bb6e143.jpg | AO70: https://prod-fillout-oregon-s3.s3.us-west-2.amazonaws.com/orgid-431168/flowpublicid-kdFWQQWTckus/728b9587-efab-41bc-846e-3ddc1536ecbc-LraDHMyR9NDEjsn8Is8mpNJ1KArLWzryODxdz6nyJT2nSrIgXudGJH46p9VQb6zwK6lMdPPmFHnN42r7AYLhidst53r1PHkKYCp/5483e63b-5b80-4c3e-9c76-d790b195e7bd.jpg | AP70: https://prod-fillout-oregon-s3.s3.us-west-2.amazonaws.com/orgid-431168/flowpublicid-kdFWQQWTckus/8cb01525-7c72-462e-948f-cc4babfc8fb2-eVTBKk4ucCXr5n8eY3ilZD8f9as8p4xNRQbRYjHV1FIwtQsdHbP33SJpCzbnpTVRWLjOhZsOTICDA2vvJM8dnBNd1crzY3zk5Mg/767a4dd9-a02b-493c-87e0-df2a4fe5319a.jpg | AQ70: 1 | AR70: 0 | AS70: 0 | AT70: 0 | AU70: 0 | AV70: 0 | AW70: 1 | AX70: 0 | AY70: 0 | BA70: 0 | BC70: 0 | BE70: 0 | BG70: Kasiyati | BH70: WIWIK INDARTI | BI70: None | BJ70: https://build.fillout.com/editor/kdFWQQWTckus/results?sessionId=d4b6ae8e-f84f-453e-a067-fc409b5b8216 | BK70: cc1d1ff0e578949edf257bb3216531eb
A71: cf750020-5f76-4f20-b72b-08768af32fde | B71: Thu May 14 2026 10:41:00 GMT+0700 (Western Indonesia Time) | C71: Thu May 14 2026 10:24:00 GMT+0700 (Western Indonesia Time) | D71: finished | E71: Ending | F71: 102 | G71: 2026-05-14 | H71: WIWIK INDARTI | I71: Pujiono | J71: 3515031001093284 | K71: https://prod-fillout-oregon-s3.s3.us-west-2.amazonaws.com/orgid-431168/flowpublicid-kdFWQQWTckus/56ffc166-90b4-466b-8420-3c64871584e5-WzZhUcVNmxi0gez7xqTgGIEBrOEiE2zdfMhvEgNRheTA40jT1aDtvIkOorJYuSJRuTVJiWPbn3pYNC21wanD1C17lgM3cAkMFcG/0188a1df-11f9-4d48-90f3-3a1ba51e0fa3.jpg | L71: Mufidah | M71: Waung | N71: RT 002 RW 001 | O71: 1 | Q71: 2 | R71: 1 | S71: 1 | U71: 86 | V71: 2 | W71: 1 | X71: 1 | Y71: 1 | Z71: 2 | AA71: 1 | AB71: 1 | AC71: 1 | AD71: 1 | AE71: 7 | AF71: 1 | AG71: 1 | AH71: 2 | AL71: 75 | AM71: 0 | AN71: https://prod-fillout-oregon-s3.s3.us-west-2.amazonaws.com/orgid-431168/flowpublicid-kdFWQQWTckus/45660e1e-0a34-4c04-b646-54eb9e998068-5DlzJWXkjB6q1nkj5kZwASt7BomspPa0010gtNK7SETE3LswnVv6i16XyBnR96fwY1vqUD1zTIPv9Fst6xahUCoCdAVHFWYhwkW/5f8dc58c-6fe4-4513-9d34-8f43d2bdfb64.jpg | AO71: https://prod-fillout-oregon-s3.s3.us-west-2.amazonaws.com/orgid-431168/flowpublicid-kdFWQQWTckus/cc474c1d-3d44-480f-a3c5-109b56628bcd-zWWBnnGabmEjJiUN00kGgQFqPzyX2d5WZvKoOsEf5vxURznUttrPCWioQMdcqUKcoXboVOc8ITGkyHabEZCYAo67lNGHmmoKUKK/786adfa1-32eb-483a-8204-dcc7614e3766.jpg | AP71: https://prod-fillout-oregon-s3.s3.us-west-2.amazonaws.com/orgid-431168/flowpublicid-kdFWQQWTckus/4278e5f9-a2c6-4ce0-b861-93155e69cbde-u2XtlYD56UHpRx9DOj4ZqQYwejB9MX8uRkzK9K8avrvDlc9sJ5JeRcYhREkEaPB5Q4RNnCrE9RJb5POeCOEtC4TECJ6f70KJjvn/631df1d7-4066-4830-bc70-ea52d2bed2e9.jpg | AQ71: 1 | AR71: 0 | AS71: 1 | AT71: 0 | AU71: 1 | AV71: 0 | AW71: 0 | AX71: 0 | AY71: 1 | AZ71: 4000000 | BA71: 1 | BB71: 50000000 | BC71: 0 | BE71: 0 | BG71: Pujiono, Mufidah, Ricky tri wijaya | BH71: WIWIK INDARTI | BI71: None | BJ71: https://build.fillout.com/editor/kdFWQQWTckus/results?sessionId=cf750020-5f76-4f20-b72b-08768af32fde | BK71: cc1d1ff0e578949edf257bb3216531eb
A72: d3a1ede0-af14-440f-b26c-5e7f4eb62cd0 | B72: Thu May 14 2026 10:58:00 GMT+0700 (Western Indonesia Time) | C72: Thu May 14 2026 10:44:00 GMT+0700 (Western Indonesia Time) | D72: finished | E72: Ending | F72: 102 | G72: 2026-05-14 | H72: WIWIK INDARTI | I72: Indra Permana | J72: 3515030603210003 | K72: https://prod-fillout-oregon-s3.s3.us-west-2.amazonaws.com/orgid-431168/flowpublicid-kdFWQQWTckus/f88f954e-23da-4fe5-a763-95d56b027532-rvKxGkrtO7i7nY4syVLGTMLBauAttEzqZHFmtNCUGbeaEZpMwwfljlHWDe3Jts7RlpZLYTbNgX57kfeu9puYV6suPtHgFcDM0Wa/8aa4b790-c380-4bca-a090-60889f875d9d.jpg | L72: Titis Aneka Sari | M72: Waung | N72: RT 002 RW 001 | O72: 1 | Q72: 2 | R72: 3 | U72: 43 | V72: 2 | W72: 1 | X72: 1 | Y72: 1 | Z72: 2 | AA72: 1 | AB72: 1 | AC72: 1 | AD72: 1 | AE72: 7 | AF72: 1 | AG72: 1 | AH72: 2 | AL72: 75000 | AM72: 150000 | AN72: https://prod-fillout-oregon-s3.s3.us-west-2.amazonaws.com/orgid-431168/flowpublicid-kdFWQQWTckus/643661b1-93e4-4b0d-9ceb-1349c2e8f828-oNxQ72tv3MYXVbSlbmmEnLbZ3CB0D5h9u7bFx2VPqt2cmVUPYHD3H3R2FUCjnuZyBfwZjO85oXqaGRqxOEnOqbBWyyIr8dD4KwI/5f8dc58c-6fe4-4513-9d34-8f43d2bdfb64.jpg | AO72: https://prod-fillout-oregon-s3.s3.us-west-2.amazonaws.com/orgid-431168/flowpublicid-kdFWQQWTckus/0c3e5c2c-65ad-4faf-ac24-39b5f219a9fb-27lDyKhCTW74YQ1l1MjhwdoTzMjVZJ1oo0Jut43SKXKUYkkgjiUI0FLUJ2VznmlPzWUlGM8yfw2XeYT7UUWbYNCcx5AJHXs85Ms/786adfa1-32eb-483a-8204-dcc7614e3766.jpg | AP72: https://prod-fillout-oregon-s3.s3.us-west-2.amazonaws.com/orgid-431168/flowpublicid-kdFWQQWTckus/1f5aa752-5a7a-4ba3-8561-f397146da77d-7rtEZLorEsqQ5KkzKnCgmyP97f6Xz9zbsBZMNyYiDlMoJfBac9kZg9vbAX4IGjlFDPupPF3b8ph8OWB45ZWP93bK7fuluBCWw79/631df1d7-4066-4830-bc70-ea52d2bed2e9.jpg | AQ72: 1 | AR72: 0 | AS72: 1 | AT72: 0 | AU72: 1 | AV72: 0 | AW72: 0 | AX72: 0 | AY72: 1 | AZ72: 5000000 | BA72: 0 | BC72: 0 | BE72: 0 | BG72: Indra Permana, Titis Aneka Sari, ELMEERA TSALSABILA PERMANA, MAHESWARI JIANSAE LAAKUNE | BH72: WIWIK INDARTI | BI72: None | BJ72: https://build.fillout.com/editor/kdFWQQWTckus/results?sessionId=d3a1ede0-af14-440f-b26c-5e7f4eb62cd0 | BK72: cc1d1ff0e578949edf257bb3216531eb
A73: 826c9f8d-5dbf-41ec-b657-3bd445a4a6a6 | B73: Thu May 14 2026 11:10:00 GMT+0700 (Western Indonesia Time) | C73: Wed May 13 2026 22:08:00 GMT+0700 (Western Indonesia Time) | D73: finished | E73: Ending | F73: 103 | G73: 2026-05-13 | H73: RINI WIJAYA | I73: Bagus cahyanto | J73: 3515031001093324 | K73: https://prod-fillout-oregon-s3.s3.us-west-2.amazonaws.com/orgid-431168/flowpublicid-kdFWQQWTckus/baaffee5-026d-4a16-add9-50c6aeed7fcd-s1WYEIGWwb9hk1e36JQ5WQh30xMDlWp5c0N2NKtidLrfJTenfHxLIttiauCjGy6NEFMkwdMDAh2ohQzZOkOv876IYM8kA78bruK/WA_1778727588013.jpg | L73: Enny yuliati | M73: Waung utara | N73: RT 003 RW 002 | O73: 1 | Q73: 1 | R73: 1 | S73: 1 | U73: 400 | V73: 1 | W73: 1 | X73: 1 | Y73: 1 | Z73: 2 | AA73: 1 | AB73: 1 | AC73: 1 | AD73: 1 | AE73: 7 | AF73: 1 | AG73: 1 | AH73: 1 | AL73: 200 | AM73: 100 | AN73: https://prod-fillout-oregon-s3.s3.us-west-2.amazonaws.com/orgid-431168/flowpublicid-kdFWQQWTckus/ee906b8f-ca54-4eac-8ddf-4fb861bd14d7-01fymmsE9QV8cuNj8ewU6hlX6WgHCoUxxVwvrUN9MbdjjNnInwVzUhzxHPIO9wMRqLmI4HOjP79amIVA9obDayr8UoAzy13iJjz/1000002258.jpg | AO73: https://prod-fillout-oregon-s3.s3.us-west-2.amazonaws.com/orgid-431168/flowpublicid-kdFWQQWTckus/cf932080-95c8-4c9e-a9d8-06ceaa97941d-4GYER6k4UAktGE4oC6qjwwE8rhiJssX5qen0O8tC7VWyFI22TSbqySuLD8upNHpGKEzPhW3Qwkb0NvWawpAA3AHcsIj20rMTXNB/1000002256.jpg | AP73: https://prod-fillout-oregon-s3.s3.us-west-2.amazonaws.com/orgid-431168/flowpublicid-kdFWQQWTckus/795b143d-5615-414f-89c3-f636ff792cb1-ZXQljrsi55QzhQYjpwzQKYj94TZnK18KbUbo3Dh9u2kEvU7oyEzlBWArVckwGzni1XSVJAuBoliIpKcGnv0FMf1BLKy65lyoHu4/1000002263.jpg | AQ73: 2 | AR73: 0 | AS73: 1 | AT73: 0 | AU73: 2 | AV73: 0 | AW73: 1 | AX73: 0 | AY73: 2 | AZ73: 15 | BA73: 1 | BB73: 60 | BC73: 0 | BE73: 0 | BG73: Bagus cahyanto, Enny yuliati, Dimas bagus prasetyo, Anindita rahma dwi cahyani | BH73: RINI WIJAYA | BI73: None | BJ73: https://build.fillout.com/editor/kdFWQQWTckus/results?sessionId=826c9f8d-5dbf-41ec-b657-3bd445a4a6a6 | BK73: 8909ef71140bfb0bba3eb8c6ec837382
A74: 90c03ca8-f844-41f9-aba0-5b111272fd13 | B74: Thu May 14 2026 11:20:00 GMT+0700 (Western Indonesia Time) | C74: Thu May 14 2026 11:01:00 GMT+0700 (Western Indonesia Time) | D74: finished | E74: Ending | F74: 102 | G74: 2026-05-14 | H74: WIWIK INDARTI | I74: Wahyuni Fitriana | J74: 3515030602230003 | K74: https://prod-fillout-oregon-s3.s3.us-west-2.amazonaws.com/orgid-431168/flowpublicid-kdFWQQWTckus/000b57cf-d23c-4bae-b9ac-310b1a09aea1-VMODzdBBSXGKLozdK8NdvYMAlIJvv4StcWe4XelBBZayQZLHhdqEpa5Iw5lx5ftntwLVNVFxsoNOE6XRoCvJLahkMLnzQk01d6w/f087db96-291a-460a-bd9d-9a5845a24e2a.jpg | L74: Wahyuni fitriana | M74: Waung | N74: RT 002 RW 001 | O74: 1 | Q74: 2 | R74: 3 | U74: 48 | V74: 2 | W74: 1 | X74: 1 | Y74: 1 | Z74: 2 | AA74: 1 | AB74: 1 | AC74: 1 | AD74: 1 | AE74: 7 | AF74: 1 | AG74: 1 | AH74: 2 | AL74: 100 | AM74: 100 | AN74: https://prod-fillout-oregon-s3.s3.us-west-2.amazonaws.com/orgid-431168/flowpublicid-kdFWQQWTckus/bf988486-b08f-4792-90a0-d686b55bec69-mldYOh1TnXLQo1cuQ9v1XdKs4MkobbuFZ2emJ8EKDNo1g35PJ7aUaG6V5jx7JWcWekDIJl0Y8coNjRUhYalnuIC0QJps2rvVRNL/a6a658ce-86a4-4e83-89bc-373a26c4be2e.jpg | AO74: https://prod-fillout-oregon-s3.s3.us-west-2.amazonaws.com/orgid-431168/flowpublicid-kdFWQQWTckus/fc3153ae-b9ea-42bc-9316-917249a1141d-2HZTksW5IVNofU6r9hdXoTtZGMkBtFFgkxPA2LsPLjoCGWg1Vd7YHoeG7pw3wrcsFnOykGBPqcS6yRnQb5dKofG0gunrhnnmhuC/dd83cda5-a6c5-49cc-ba87-03975b0b1654.jpg | AP74: https://prod-fillout-oregon-s3.s3.us-west-2.amazonaws.com/orgid-431168/flowpublicid-kdFWQQWTckus/b2eaad46-1f4f-49c9-af0d-b2ac0f95e0af-BHqw7d7hJYJTpFvCFH6qo1otcdgcXtAJEu47LAaftAR8zkUY3ZGXoPFETrckkptVeDslgUbpaVGwnygSTLkVp9a2u8S0sRBNhuT/02ca86e9-59e7-4d4a-b1c2-bb00c6ea9514.jpg | AQ74: 1 | AR74: 1 | AS74: 1 | AT74: 0 | AU74: 2 | AV74: 0 | AW74: 1 | AX74: 0 | AY74: 1 | AZ74: 6000000 | BA74: 0 | BC74: 0 | BE74: 0 | BG74: Wahyuni fitriana, Dyta Ayu Putri, Fina Iftina Putri | BH74: WIWIK INDARTI | BI74: None | BJ74: https://build.fillout.com/editor/kdFWQQWTckus/results?sessionId=90c03ca8-f844-41f9-aba0-5b111272fd13 | BK74: cc1d1ff0e578949edf257bb3216531eb
A75: 51a945d0-8c02-45a8-83f8-218b2e7ef0d0 | B75: Thu May 14 2026 11:25:00 GMT+0700 (Western Indonesia Time) | C75: Thu May 14 2026 11:11:00 GMT+0700 (Western Indonesia Time) | D75: finished | E75: Ending | F75: 106 | G75: 2026-05-14 | H75: SRI SUTARMI | I75: Choiriyah | J75: 3515030501240003 | K75: https://prod-fillout-oregon-s3.s3.us-west-2.amazonaws.com/orgid-431168/flowpublicid-kdFWQQWTckus/6ea352dc-8c02-4581-8771-a1c1b5491427-Nj7ue4RwonSEjnhi4HANH4i2nmar0bnAC923LeiHVmlUARTp3GTDeINVRjG8cfxEpL7gjBFnZF8yDPuBEWU3m0b4OYnMs7V3S9R/Screenshot_20260513-235226_Gallery.jpg | L75: Choiriyah | M75: Waung | N75: RT 006 RW 003 | O75: 1 | Q75: 1 | R75: 1 | S75: 1 | U75: 120 | V75: 4 | W75: 2 | X75: 1 | Y75: 1 | Z75: 2 | AA75: 1 | AB75: 1 | AC75: 1 | AD75: 1 | AE75: 7 | AF75: 1 | AG75: 1 | AH75: 2 | AL75: 200000 | AM75: 20000 | AN75: https://prod-fillout-oregon-s3.s3.us-west-2.amazonaws.com/orgid-431168/flowpublicid-kdFWQQWTckus/f9e80736-4e48-41e5-871f-9406e35d8bbe-YNNTV3ibxJa0m1gFOLu150QbwJrAl1YWiXbSejxEccXsNwZilOBOfTVzBQy06g6RwxZQTfyipavz42XoPdXrRCiTtyqGzhOnUg8/Screenshot_20260513-235113_Gallery.jpg | AO75: https://prod-fillout-oregon-s3.s3.us-west-2.amazonaws.com/orgid-431168/flowpublicid-kdFWQQWTckus/9e358174-b240-45c6-a8d3-d1cffed3573e-o1ejZnKBE9rmGpd5G0x7bOUdXlT1OdQzgsadFVHZE1uweUnbPjMsvD8hbtaQclHSGxUkiBDbnFevV1yIo35N9KaFXYnd1uDrQqx/Screenshot_20260513-235119_Gallery.jpg | AP75: https://prod-fillout-oregon-s3.s3.us-west-2.amazonaws.com/orgid-431168/flowpublicid-kdFWQQWTckus/0d799b31-30b5-48e3-b4f0-eb33d6702802-3oFvWVLuPBItMYlTp8GecnpwB8L3UbfhWqfQY151Ut99p7ZubC0NGHl46sYlKVyv562zDwMFuudkUC3WIOcSjtcmNzGs9oFYpVT/Screenshot_20260513-235128_Gallery.jpg | AQ75: 2 | AR75: 0 | AS75: 1 | AT75: 0 | AU75: 1 | AV75: 0 | AW75: 1 | AX75: 0 | AY75: 0 | BA75: 0 | BC75: 0 | BE75: 0 | BG75: Choiriyah | BH75: SRI SUTARMI | BI75: None | BJ75: https://build.fillout.com/editor/kdFWQQWTckus/results?sessionId=51a945d0-8c02-45a8-83f8-218b2e7ef0d0 | BK75: 91d22f4714f303157d11716cb9588443
A76: 8134429d-f634-4129-87a0-a89c1fa956b1 | B76: Thu May 14 2026 11:27:00 GMT+0700 (Western Indonesia Time) | C76: Thu May 14 2026 11:20:00 GMT+0700 (Western Indonesia Time) | D76: finished | E76: Ending | F76: 102 | G76: 2026-05-14 | H76: WIWIK INDARTI | I76: Kasuwi | J76: 3515031001093285 | K76: https://prod-fillout-oregon-s3.s3.us-west-2.amazonaws.com/orgid-431168/flowpublicid-kdFWQQWTckus/8db68717-06be-4ee1-889f-cee3b86e47b5-DwMkJYgJoDyzFl3ESsdSR08VsZNjj3onX28fKTk4aVdvDpF1f2J3OZBVXgnaVV3HU5cVCfzJs32OaDYEP3wWGlsqWoc0Oa9fFkj/3a113868-7ec1-49eb-a71a-134e1f135529.jpg | L76: Kasuwi | M76: Waung | N76: RT 002 RW 001 | O76: 1 | Q76: 2 | R76: 1 | S76: 1 | U76: 48 | V76: 2 | W76: 1 | X76: 1 | Y76: 1 | Z76: 2 | AA76: 1 | AB76: 1 | AC76: 1 | AD76: 1 | AE76: 7 | AF76: 1 | AG76: 1 | AH76: 2 | AL76: 100000 | AM76: 0 | AN76: https://prod-fillout-oregon-s3.s3.us-west-2.amazonaws.com/orgid-431168/flowpublicid-kdFWQQWTckus/4c25cd3c-f605-48c1-827d-d7602e260329-mD2Xd20cclm5EePDpWkIaRDOphVGbybIgwIxPa8A3mHWkKkFFuzL2Wt25XRv6fc8zcK0TddlxOyGHU4FqYaBiyOCOwgeXG0VdbN/a6a658ce-86a4-4e83-89bc-373a26c4be2e.jpg | AO76: https://prod-fillout-oregon-s3.s3.us-west-2.amazonaws.com/orgid-431168/flowpublicid-kdFWQQWTckus/9e26619b-82c6-40bb-a462-c29a5f7b09e6-Q0F8B2QO6xOQGonulXNETSeUazJHqszd0scO6GYIAuCyJudyQhQnddRUNax9LjnkpKcEnoENWtop0L4eUChQ36SywjPoftp1rx2/dd83cda5-a6c5-49cc-ba87-03975b0b1654.jpg | AP76: https://prod-fillout-oregon-s3.s3.us-west-2.amazonaws.com/orgid-431168/flowpublicid-kdFWQQWTckus/34bcf643-936f-4886-b5d6-a5c2485b31a3-TDDV0D1ku8m8DUmrAnPeomWMir1vznN1IHqdbH9NLbNg3nalh4izxy4JPRg7BbyZ7lAjoO67dAd0fjLY7cAmNdG8nfftRiULAMC/02ca86e9-59e7-4d4a-b1c2-bb00c6ea9514.jpg | AQ76: 0 | AR76: 0 | AS76: 0 | AT76: 0 | AU76: 0 | AV76: 0 | AW76: 1 | AX76: 0 | AY76: 0 | BA76: 0 | BC76: 0 | BE76: 0 | BG76: Kasuwi | BH76: WIWIK INDARTI | BI76: None | BJ76: https://build.fillout.com/editor/kdFWQQWTckus/results?sessionId=8134429d-f634-4129-87a0-a89c1fa956b1 | BK76: cc1d1ff0e578949edf257bb3216531eb
A77: cf0b8d33-5474-4fb9-8f3b-e1120e53e3e1 | B77: Thu May 14 2026 11:39:00 GMT+0700 (Western Indonesia Time) | C77: Thu May 14 2026 11:12:00 GMT+0700 (Western Indonesia Time) | D77: finished | E77: Ending | F77: 103 | G77: 2026-05-14 | H77: RINI WIJAYA | I77: Rakhmad basuki | J77: 3515031001093326 | K77: https://prod-fillout-oregon-s3.s3.us-west-2.amazonaws.com/orgid-431168/flowpublicid-kdFWQQWTckus/2eb95caa-1ce2-41d1-9f24-c2a7be30648d-DSGELyDR9fiLOb2YoLVUI5PjGNkp879bnEQj3dbOZi1nUq4JyV24N2kQS6S8iN6PbqI6n2lhyKxKUDFA0hGcHbrS73AKaNKUtg6/WA_1778642180159.jpg | L77: Achmat aditiyas | M77: Waung utara | N77: RT 003 RW 002 | O77: 1 | Q77: 1 | R77: 3 | U77: 85 | V77: 2 | W77: 2 | X77: 1 | Y77: 2 | Z77: 2 | AA77: 1 | AB77: 1 | AC77: 1 | AD77: 1 | AE77: 5 | AF77: 1 | AG77: 1 | AH77: 2 | AL77: 300 | AM77: 50 | AN77: https://prod-fillout-oregon-s3.s3.us-west-2.amazonaws.com/orgid-431168/flowpublicid-kdFWQQWTckus/e705b69a-47c9-466c-a874-446f901b16b2-tZm4WdMt4phHyD0aa1CIUKTdE1SyTFj0FMF8syvtDouhS64hMcvG0x4UUyiZoUYaaZkPKny9Y731LVFzQKqBoQi0SqwiTFmhZOd/1000002175.jpg | AO77: https://prod-fillout-oregon-s3.s3.us-west-2.amazonaws.com/orgid-431168/flowpublicid-kdFWQQWTckus/d237b994-0027-46eb-b258-be980da49f1c-9z34RkU7983bCYke0aJswCMgCg1CIatcPJFWRhCOhDmMaXek6qhvS3zv1Q6JVo3Pqn90SyiKvk2guYmH3hvEfGNBpnUgpvFExrO/1000002296.jpg | AP77: https://prod-fillout-oregon-s3.s3.us-west-2.amazonaws.com/orgid-431168/flowpublicid-kdFWQQWTckus/8875fceb-fbf6-4f74-b080-19cdbb02e549-gTUYNbmpRXByxYakL2Yfs3nO6fNvJqAeATasRKZFycF0wgoyzGwDh0xqMvmBOPZRynPJG3f2PU2YtQk2LMSM0Hg1LPX92WGHKX3/1000002179.jpg | AQ77: 1 | AR77: 0 | AS77: 0 | AT77: 0 | AU77: 0 | AV77: 0 | AW77: 0 | AX77: 0 | AY77: 1 | AZ77: 5 | BA77: 0 | BC77: 0 | BE77: 0 | BG77: Rakhmad Basuki, Achmat Aditiyas, Endik kuncoro | BH77: RINI WIJAYA | BI77: None | BJ77: https://build.fillout.com/editor/kdFWQQWTckus/results?sessionId=cf0b8d33-5474-4fb9-8f3b-e1120e53e3e1 | BK77: 8909ef71140bfb0bba3eb8c6ec837382
A78: 09cee2e1-c086-49f9-b9b2-c996a18de52d | B78: Thu May 14 2026 12:03:00 GMT+0700 (Western Indonesia Time) | C78: Thu May 14 2026 11:29:00 GMT+0700 (Western Indonesia Time) | D78: finished | E78: Ending | F78: 106 | G78: 2026-05-14 | H78: SRI SUTARMI | I78: Adi purwono | J78: 3515031711140001 | K78: https://prod-fillout-oregon-s3.s3.us-west-2.amazonaws.com/orgid-431168/flowpublicid-kdFWQQWTckus/a3e5be10-aa14-4408-9feb-e0f5dccb7645-ffRaMiCJQbinYf6TSyxRKOEmxJvaBcj9KnaHLmseBweQZ0Tzb6cntB89kzN3X2J3UYN2cXiHQhMdoZNAh33Rt0jSBKI2i6wBHn6/Screenshot_20260514-112818_Gallery.jpg | L78: Anis fadilah | M78: Waung | N78: RT 006 RW 003 | O78: 2 | P78: Rt 001 rw 001 | Q78: 1 | R78: 1 | S78: 4 | U78: 60 | V78: 6 | W78: 3 | X78: 1 | Y78: 2 | Z78: 4 | AA78: 1 | AB78: 1 | AC78: 1 | AD78: 1 | AE78: 7 | AF78: 1 | AG78: 1 | AH78: 2 | AL78: 100000 | AM78: 100000 | AN78: https://prod-fillout-oregon-s3.s3.us-west-2.amazonaws.com/orgid-431168/flowpublicid-kdFWQQWTckus/1558607f-d285-4144-98c7-b7da39b6f90b-6S2vSULpKIDWsOVPDrjsqlmNHWmukcX58hJMbmBcHabg0BcoVz0JlEx49hf77FYrGYzugOoyW9mYHjcd0x7QPzPGK6VWI7NbRyo/Screenshot_20260514-112637_Gallery.jpg | AO78: https://prod-fillout-oregon-s3.s3.us-west-2.amazonaws.com/orgid-431168/flowpublicid-kdFWQQWTckus/0d5cfc11-fff7-45f4-85d1-e96ac09031a6-zYWSpN5yhlP2PIchC1nlcq8ntrA4khuEwqnFdMErUqxV8xkU0ZFvsCj06OIVcdbViy9FxXTRVC1czrGtoRq3uojAo0bacTdT1T1/Screenshot_20260514-112644_Gallery.jpg | AP78: https://prod-fillout-oregon-s3.s3.us-west-2.amazonaws.com/orgid-431168/flowpublicid-kdFWQQWTckus/619eae59-d272-4352-8e03-5c2b1d31e184-dm1bzpwTSuNeOgk5VH87oMiQJa703bG6L89zVBGOSZRfjI06WAZL5wZsTRooTZaRjueSB12BWx3yjYjKEyv0NReF1mDAtBzdyhL/Screenshot_20260514-112650_Gallery.jpg | AQ78: 1 | AR78: 0 | AS78: 1 | AT78: 0 | AU78: 1 | AV78: 1 | AW78: 2 | AX78: 0 | AY78: 1 | AZ78: 7000000 | BA78: 0 | BC78: 0 | BE78: 0 | BG78: Adi purwono, Anis Fadilah, Muhammad Alif Syahputra, Achmad Masrur Maulana | BH78: SRI SUTARMI | BI78: None | BJ78: https://build.fillout.com/editor/kdFWQQWTckus/results?sessionId=09cee2e1-c086-49f9-b9b2-c996a18de52d | BK78: 91d22f4714f303157d11716cb9588443
A79: c517eaf1-4332-4987-aafd-d4cc5a6f62ce | B79: Thu May 14 2026 12:07:00 GMT+0700 (Western Indonesia Time) | C79: Thu May 14 2026 09:17:00 GMT+0700 (Western Indonesia Time) | D79: finished | E79: Ending | F79: 107 | G79: 2026-05-14 | H79: SRI WINARTI | I79: Nur Makelah | J79: 3515031311190003 | K79: https://prod-fillout-oregon-s3.s3.us-west-2.amazonaws.com/orgid-431168/flowpublicid-kdFWQQWTckus/17529e4d-ce6b-4af1-ada5-6edb5c3c7433-Brc6naPgdqwku1lF9IMw5H1tIzTEmNXtk9tQkj2nB3UWVkocGQwovggsfsWP0HkO72Ba96qBugxZqjfvmTWpNOzRZohOSCRZlPO/WA_1778724928752.jpg | L79: Nur Makelah | M79: Waung | N79: RT 007 RW 004 | O79: 1 | Q79: 1 | R79: 1 | S79: 1 | U79: 130 | V79: 2 | W79: 1 | X79: 1 | Y79: 1 | Z79: 2 | AA79: 1 | AB79: 1 | AC79: 1 | AD79: 1 | AE79: 7 | AF79: 1 | AG79: 1 | AH79: 2 | AL79: 100000 | AM79: 25000 | AN79: https://prod-fillout-oregon-s3.s3.us-west-2.amazonaws.com/orgid-431168/flowpublicid-kdFWQQWTckus/5ec0a064-a713-4e07-8c8d-f2555645c3f2-ttlJSsMBRxuJ1abwMszzCJdZPPnYLROgpae3bWz9ul1YbdzFGPlJRFdSRMjQ0jQcW6qSDF1paQim8zB6qA3l6XEdeZRWH7DcHP5/1000424387.jpg | AO79: https://prod-fillout-oregon-s3.s3.us-west-2.amazonaws.com/orgid-431168/flowpublicid-kdFWQQWTckus/249128b6-d2f2-47ae-8d00-c7e8ba6c32ed-UevBLYEjulUJD4W6vP9BnAo9OrArUasKRkalcH58yKoB18qLfvRni5jqoGwEmwVwCMP7JMegqCsvpAwc5JWcBl8g6dloaIfZnm7/1000424397.jpg | AP79: https://prod-fillout-oregon-s3.s3.us-west-2.amazonaws.com/orgid-431168/flowpublicid-kdFWQQWTckus/4b596195-d4a1-4347-992e-bf4129935e31-qEuTBAKjpPA013wQIT6oNqyi52C0EzNfoodkDXi3gkfA0MdOVIyIdYWTUf3BWPNLRtxo6W38mq0Tb6hpn8a5HV5sTpZpt2aXIta/1000424395.jpg | AQ79: 1 | AR79: 0 | AS79: 1 | AT79: 0 | AU79: 0 | AV79: 0 | AW79: 0 | AX79: 0 | AY79: 1 | AZ79: 5000000 | BA79: 0 | BC79: 0 | BE79: 0 | BG79: Nur Makelah | BH79: SRI WINARTI | BI79: None | BJ79: https://build.fillout.com/editor/kdFWQQWTckus/results?sessionId=c517eaf1-4332-4987-aafd-d4cc5a6f62ce | BK79: 2ed216414a105846b4520f43e8c94ae1
A80: a3ca4c94-2944-4171-87eb-0fee75958959 | B80: Thu May 14 2026 12:19:00 GMT+0700 (Western Indonesia Time) | C80: Thu May 14 2026 11:40:00 GMT+0700 (Western Indonesia Time) | D80: finished | E80: Ending | F80: 103 | G80: 2026-05-14 | H80: RINI WIJAYA | I80: Mahmudi | J80: 3515031001093323 | K80: https://prod-fillout-oregon-s3.s3.us-west-2.amazonaws.com/orgid-431168/flowpublicid-kdFWQQWTckus/4cd5709b-db2e-46a5-bd97-a3b70a6be18b-WWsxxAO66HGOh4L7sWPCeW0ZbbZBB1sq01ZTewrEovYdF0qSdd4dqflbSjXV0JFHRZ6dg0UTWSH5OD48PNc5CqsZXIo7iw2cfjA/WA_1778644115727.jpg | L80: Mahmudi | M80: Waung utara | N80: RT 003 RW 002 | O80: 1 | Q80: 1 | R80: 1 | S80: 1 | U80: 80 | V80: 2 | W80: 1 | X80: 1 | Y80: 1 | Z80: 2 | AA80: 1 | AB80: 1 | AC80: 1 | AD80: 1 | AE80: 7 | AF80: 1 | AG80: 1 | AH80: 2 | AL80: 200 | AM80: 50 | AN80: https://prod-fillout-oregon-s3.s3.us-west-2.amazonaws.com/orgid-431168/flowpublicid-kdFWQQWTckus/5453b9c3-d128-482a-b239-63ff5cd19aed-74WMwxBfzzS8O9CMaj0cOlkuBDurDvgXSB45ILcWT1d0Kue7uEMJpYYHER7324KrWxgKJuyqdeioIuckFLmJEsmk8lA6V7EpcPX/1000002199.jpg | AO80: https://prod-fillout-oregon-s3.s3.us-west-2.amazonaws.com/orgid-431168/flowpublicid-kdFWQQWTckus/b75e5bd5-0ba4-4b9d-8999-e960f2781d5e-uasoVAXfkXo81nIbF6YlHb0GPyXkrThri0ako8UArKC9x4yPoEbCYhp2lT7zJAgxRuBHXvuHZmFmwjJtjRRxBQJHLPp0iDvcXjy/1000002201.jpg | AP80: https://prod-fillout-oregon-s3.s3.us-west-2.amazonaws.com/orgid-431168/flowpublicid-kdFWQQWTckus/45459768-609a-42a1-b7df-34811ccdc5a2-cMiMwU7GSpO46nXVQJI6o0jOgt3HcXrWIZ2s2BlEgMSkzZjngmOQ0sgAmYOMlK1knCiuTk7VKcmlcEQFh08VdFwOdn0jz1LIkVI/1000002203.jpg | AQ80: 1 | AR80: 0 | AS80: 1 | AT80: 0 | AU80: 0 | AV80: 0 | AW80: 1 | AX80: 0 | AY80: 2 | AZ80: 10 | BA80: 0 | BC80: 0 | BE80: 0 | BG80: Mahmudi, Sri Yamti, Arynda pramudya wulandari | BH80: RINI WIJAYA | BI80: None | BJ80: https://build.fillout.com/editor/kdFWQQWTckus/results?sessionId=a3ca4c94-2944-4171-87eb-0fee75958959 | BK80: 8909ef71140bfb0bba3eb8c6ec837382
A81: 51f951d1-2f4a-4f98-9c46-f383561f7fbd | B81: Thu May 14 2026 12:22:00 GMT+0700 (Western Indonesia Time) | C81: Thu May 14 2026 11:17:00 GMT+0700 (Western Indonesia Time) | D81: finished | E81: Ending | F81: 105 | G81: 2026-05-14 | H81: WAHYUNI DWI SUSANTI | I81: Candra Heri Wahyudish | J81: 3515030102120004 | K81: https://prod-fillout-oregon-s3.s3.us-west-2.amazonaws.com/orgid-431168/flowpublicid-kdFWQQWTckus/cedd1a56-e2c6-4202-865e-04345bf66d98-ZZ8dsKZPU9ckfh6br5QyhsgvtZciXenidbkr6anItXpArLoouAQQfXWZ6GkLRmUN9UNTw9pOLtB8Vq2TZp6VhMWXw6Qto9IXzqD/Screenshot_20260513_172615_CamScanner.jpg | L81: Candra Heri Wahyudish | M81: Waung Utara | N81: RT 005 RW 003 | O81: 1 | Q81: 1 | R81: 1 | S81: 1 | U81: 150 | V81: 2 | W81: 1 | X81: 1 | Y81: 1 | Z81: 2 | AA81: 1 | AB81: 1 | AC81: 1 | AD81: 1 | AE81: 1 | AF81: 1 | AG81: 1 | AH81: 2 | AL81: 350000 | AM81: 500000 | AN81: https://prod-fillout-oregon-s3.s3.us-west-2.amazonaws.com/orgid-431168/flowpublicid-kdFWQQWTckus/c53cc2ab-61a4-4f73-b0d5-45ce240b4c12-lpzoRqqlQLIgfFlPZ7aRRPtqDLwvCBs4wlWGJERpXHEcd6raPCL0oXZORD1u7SFyfffBJ7PtwQRgHnmoeDukoU2V9ELS4J2d2Bq/1001031431.jpg | AO81: https://prod-fillout-oregon-s3.s3.us-west-2.amazonaws.com/orgid-431168/flowpublicid-kdFWQQWTckus/4d600904-ea49-40e8-b6fd-09ad56632e70-eqIXGcBElw9Tuo2yNVIbnQLiXcHeNZhDWqn37Tji323LKSiiRlRz6c0ZwhqcQiGOJZ5GusWAZmFVEYg9mAxKvvluZHGemzVI0b0/1001032877.jpg | AP81: https://prod-fillout-oregon-s3.s3.us-west-2.amazonaws.com/orgid-431168/flowpublicid-kdFWQQWTckus/66049395-7b7d-4065-9c86-b450351d25b7-OW2Y8tnHdB6rpEdNUKg38VjQ89LV2Ps7lqiFDpOdkv6IsbvNSQblFZsbbQLimxKhfuXgNDM4x2ODePnlF7JlcxHwBQwE6eg2K8d/1001031467.jpg | AQ81: 2 | AR81: 0 | AS81: 1 | AT81: 1 | AU81: 2 | AV81: 0 | AW81: 2 | AX81: 0 | AY81: 2 | AZ81: 30000000 | BA81: 0 | BC81: 0 | BE81: 0 | BG81: Candra Heri Wahyudish, Maria Ulfa, Laura Fitria Ramadhani, Zaskia Aulia Wardhani, Muhamad Rama Wijaya, Mikhayla Ashfeena Ramadhani | BH81: WAHYUNI DWI SUSANTI | BI81: None | BJ81: https://build.fillout.com/editor/kdFWQQWTckus/results?sessionId=51f951d1-2f4a-4f98-9c46-f383561f7fbd | BK81: e2e09caa8dce38633385a5c792cea6ab
A82: 5207d6d3-cdeb-4432-bf0f-f5bd8f8e98e3 | B82: Thu May 14 2026 12:52:00 GMT+0700 (Western Indonesia Time) | C82: Thu May 14 2026 12:08:00 GMT+0700 (Western Indonesia Time) | D82: finished | E82: Ending | F82: 107 | G82: 2026-05-14 | H82: SRI WINARTI | I82: Asan Haryanto | J82: 3515031001093459 | K82: https://prod-fillout-oregon-s3.s3.us-west-2.amazonaws.com/orgid-431168/flowpublicid-kdFWQQWTckus/781cc354-996b-4be3-b43a-9182d15a4a43-MVJJpw3oUMT9Gx0wUtdRvyunfHjASm5CEHXc7weaHliWJwGer6UU6IVtrFs1TpN4hXmBs63ZVIkJir48cvJ0W4wZpx1xDqWeuCq/WA_1778735737453.jpg | L82: Asan Haryanto | M82: Waung | N82: RT 007 RW 004 | O82: 1 | Q82: 2 | R82: 1 | S82: 1 | U82: 65 | V82: 2 | W82: 1 | X82: 1 | Y82: 1 | Z82: 2 | AA82: 1 | AB82: 1 | AC82: 1 | AD82: 1 | AE82: 1 | AF82: 1 | AG82: 1 | AH82: 2 | AL82: 200000 | AM82: 100000 | AN82: https://prod-fillout-oregon-s3.s3.us-west-2.amazonaws.com/orgid-431168/flowpublicid-kdFWQQWTckus/a3586477-449a-45a8-bef1-e529bf5d2d01-c2JjdUtp6wlTPsazfU8kSFzaxJKWImE4WG1brB8OElYniBFS51NARBc5TB4G2rvrf40edd71xOZz539WDU18D3bN8fvv5sVBh56/1000424711.jpg | AO82: https://prod-fillout-oregon-s3.s3.us-west-2.amazonaws.com/orgid-431168/flowpublicid-kdFWQQWTckus/c502f4df-9748-422e-b220-807a82c0cab0-d08gza3zavBljwAXYbsXnu6gXhCUdgp3SJFqYoJFG0khsckyVRW9ytnmIGNNEXloWRDJTJcn7jZ1dONIj4ZrPwdij1hkqvXJFSW/1000424716.jpg | AP82: https://prod-fillout-oregon-s3.s3.us-west-2.amazonaws.com/orgid-431168/flowpublicid-kdFWQQWTckus/26f8c5b2-aa56-41a5-bc1c-28cb929ad49e-bSxMjLquT80rBPldZYUa574UMbcMAvOYOqhxwDXYOvYOfn0XYLu75O1AD8Oc38yU8S7JYCDil7yD6Iog7ZFCrxuM7mUixxds8j1/1000424724.jpg | AQ82: 5 | AR82: 0 | AS82: 1 | AT82: 0 | AU82: 2 | AV82: 0 | AW82: 1 | AX82: 0 | AY82: 1 | AZ82: 10000000 | BA82: 1 | BB82: 45000000 | BC82: 0 | BE82: 0 | BG82: Asan Haryanto, Suci Anggreini | BH82: SRI WINARTI | BI82: None | BJ82: https://build.fillout.com/editor/kdFWQQWTckus/results?sessionId=5207d6d3-cdeb-4432-bf0f-f5bd8f8e98e3 | BK82: 2ed216414a105846b4520f43e8c94ae1
A83: e9387cc4-a39e-4898-a5c7-92278f560eee | B83: Thu May 14 2026 13:19:00 GMT+0700 (Western Indonesia Time) | C83: Thu May 14 2026 12:54:00 GMT+0700 (Western Indonesia Time) | D83: finished | E83: Ending | F83: 106 | G83: 2026-05-14 | H83: SRI SUTARMI | I83: Sukarti | J83: 3515031802190001 | K83: https://prod-fillout-oregon-s3.s3.us-west-2.amazonaws.com/orgid-431168/flowpublicid-kdFWQQWTckus/a3d14ac3-3292-456c-98e1-c2c13175707c-SHdf4SABE7FcZ9r3y82pkw37OhHWRxEwtSF0oQKAo10xYldoe2zsRanBRf5juV1uIR7TPpxIQ3EpGSOnXHjr1fNzGsyk92wApBJ/Screenshot_20260514-125308_Gallery.jpg | L83: Sukarti | M83: Waung | N83: RT 006 RW 003 | O83: 1 | Q83: 1 | R83: 1 | S83: 1 | U83: 60 | V83: 2 | W83: 1 | X83: 1 | Y83: 1 | Z83: 2 | AA83: 1 | AB83: 1 | AC83: 1 | AD83: 1 | AE83: 7 | AF83: 1 | AG83: 1 | AH83: 1 | AL83: 80000 | AM83: 100000 | AN83: https://prod-fillout-oregon-s3.s3.us-west-2.amazonaws.com/orgid-431168/flowpublicid-kdFWQQWTckus/2c72467d-53f2-4a9b-b26f-be79a5314526-qpZmETM78UOvTt8FTTFOwHopFEfnVgfeZ7Sbsne248WpApDIca8NhnS7ssl73EyEYzwzSfTeEfTUx6RlENow5jpA1YouAlqqcsm/Screenshot_20260514-125329_Gallery.jpg | AO83: https://prod-fillout-oregon-s3.s3.us-west-2.amazonaws.com/orgid-431168/flowpublicid-kdFWQQWTckus/bfd8ab61-a45e-4719-936c-0313f4e67686-HEVFB3Xww8TFMeENxpOd48kDVIXVEsDX28lS4cjbDL2gypfBwAgCH9cEPHTrFuYOeEvqvH8KodXI7Z4aYwUVZYsrSVkGD1T9drB/Screenshot_20260514-125336_Gallery.jpg | AP83: https://prod-fillout-oregon-s3.s3.us-west-2.amazonaws.com/orgid-431168/flowpublicid-kdFWQQWTckus/cab6bebb-0929-485f-bf7a-6edbbd7f83fd-U44kvsXU1jL827LgOFMyvDNC00IngBla7HR3Ri7Gg7SIqOLYdpUs4Z1iOE8xMilHzVwbOP6hwrVkLpYvSnEozK8Lb4anNOdLk4Q/Screenshot_20260514-125341_Gallery.jpg | AQ83: 2 | AR83: 0 | AS83: 1 | AT83: 0 | AU83: 1 | AV83: 0 | AW83: 1 | AX83: 0 | AY83: 1 | AZ83: 10000000 | BA83: 0 | BC83: 0 | BE83: 0 | BG83: Sukarti, Sofia mega maula ayu putri | BH83: SRI SUTARMI | BI83: None | BJ83: https://build.fillout.com/editor/kdFWQQWTckus/results?sessionId=e9387cc4-a39e-4898-a5c7-92278f560eee | BK83: 91d22f4714f303157d11716cb9588443
A84: dc1d6d8c-0837-4bd2-8253-29c481c8e9eb | B84: Thu May 14 2026 13:22:00 GMT+0700 (Western Indonesia Time) | C84: Thu May 14 2026 12:52:00 GMT+0700 (Western Indonesia Time) | D84: finished | E84: Ending | F84: 107 | G84: 2026-05-14 | H84: SRI WINARTI | I84: Joko Setiono | J84: 3515030503150006 | K84: https://prod-fillout-oregon-s3.s3.us-west-2.amazonaws.com/orgid-431168/flowpublicid-kdFWQQWTckus/d157c83e-1d29-48f3-b2d7-953890f2a794-T6zXvH6Ii05ylYx3xXqYIb2bqB6mhqFloO2cp8UArfV9xGOpnWIVqcQPe68OK28AwzbwhNm006BUGUL7iT7uNGW258N7DIMMNaq/IMG-20260514-WA0062.jpg | L84: Kati Yusha | M84: Waung | N84: RT 007 RW 004 | O84: 1 | Q84: 1 | R84: 3 | U84: 65 | V84: 2 | W84: 1 | X84: 1 | Y84: 1 | Z84: 2 | AA84: 1 | AB84: 1 | AC84: 1 | AD84: 1 | AE84: 1 | AF84: 1 | AG84: 1 | AH84: 3 | AL84: 500000 | AM84: 200000 | AN84: https://prod-fillout-oregon-s3.s3.us-west-2.amazonaws.com/orgid-431168/flowpublicid-kdFWQQWTckus/32b053ce-1626-4586-a093-5f2dba19dd3b-L8C54srZbWKzrWSfvCqcO8EsD6sDted3qaqCY3uMR4tlGL8gaXbqfG6f9zc7iOrnywte3uOOC2erm4IvOCdpEx804QIIlddIdFV/1000424711.jpg | AO84: https://prod-fillout-oregon-s3.s3.us-west-2.amazonaws.com/orgid-431168/flowpublicid-kdFWQQWTckus/496a6159-eadb-468e-aef0-32dec430d5f9-DTr4naPgUR1zBhOXhYVJio2S5HPCs9QYk9ZFcuuFK8yvomo0SmXpX2T8O4R160uc7ChPCsgRMmW1SrGKCWJqRzORlgnrJFq4o4c/1000424716.jpg | AP84: https://prod-fillout-oregon-s3.s3.us-west-2.amazonaws.com/orgid-431168/flowpublicid-kdFWQQWTckus/9f12bb22-6375-40cb-9443-3fbe651c4c58-CTtBj0q0yfUHz4MKOA6cOCNXR3Pgl8X0goZhGvrfDNzBcbvepNtEzd1OOSH1lNbH8vJoPxUwqiCgaCS2a6EgOEQKYwnOY7wbOiY/1000424724.jpg | AQ84: 1 | AR84: 0 | AS84: 1 | AT84: 1 | AU84: 5 | AV84: 1 | AW84: 1 | AX84: 1 | AY84: 2 | AZ84: 20000000 | BA84: 0 | BC84: 0 | BE84: 0 | BG84: Joko Setiono, Kati Yusha, Mehrunnisa Setiono, Noushafarin Setiono, Olcay Lutfan Akbar Setiono | BH84: SRI WINARTI | BI84: None | BJ84: https://build.fillout.com/editor/kdFWQQWTckus/results?sessionId=dc1d6d8c-0837-4bd2-8253-29c481c8e9eb | BK84: 2ed216414a105846b4520f43e8c94ae1
A85: 70f7b5a5-16f4-4e29-8810-96b3051b9243 | B85: Thu May 14 2026 13:47:00 GMT+0700 (Western Indonesia Time) | C85: Thu May 14 2026 13:22:00 GMT+0700 (Western Indonesia Time) | D85: finished | E85: Ending | F85: 106 | G85: 2026-05-14 | H85: SRI SUTARMI | I85: M.Eko Wahyudi | J85: 3515032708810005 | K85: https://prod-fillout-oregon-s3.s3.us-west-2.amazonaws.com/orgid-431168/flowpublicid-kdFWQQWTckus/7d2b27cf-3aef-4ad5-88fe-c7a35adbef88-36RmgmwdQvc6T9LndfICUebRiiTwNTzp7K0u16gZ1JI6RKiP6q9AiKj1Dl35uF8kW0WxCnoh397YAGqKevYJpAnXDJtFKFpxWCw/Screenshot_20260514-132103_Gallery.jpg | L85: Supinah | M85: Waung | N85: RT 006 RW 003 | O85: 2 | P85: Rt 008 rw 004 | Q85: 1 | R85: 1 | S85: 4 | U85: 60 | V85: 2 | W85: 1 | X85: 1 | Y85: 1 | Z85: 4 | AA85: 1 | AB85: 1 | AC85: 1 | AD85: 1 | AE85: 7 | AF85: 1 | AG85: 1 | AH85: 3 | AL85: 200000 | AM85: 120000 | AN85: https://prod-fillout-oregon-s3.s3.us-west-2.amazonaws.com/orgid-431168/flowpublicid-kdFWQQWTckus/2289fc5a-55a4-48af-8d51-4582b5a82351-87DSkdzCq6TuFHo7Hy8KD95vuO00ONS2gBTFC31MXRs2adw6r8q5Ffv6xCDFhRR58gJ8B4JfaupZDh4qWSaNWMcRi6v4siHYt3W/Screenshot_20260514-132122_Gallery.jpg | AO85: https://prod-fillout-oregon-s3.s3.us-west-2.amazonaws.com/orgid-431168/flowpublicid-kdFWQQWTckus/548cbb72-828f-41fe-86d0-b2474128a209-QQ2qpBJZfCASml3r8MilpTFoc1H4ih4TKhw77vvhOtYJqzRi7RfLvqJWV7FVnJ1UvC1i4Xa6LsH2moQEwm7SpWdsuckpCppeOf2/Screenshot_20260514-132130_Gallery.jpg | AP85: https://prod-fillout-oregon-s3.s3.us-west-2.amazonaws.com/orgid-431168/flowpublicid-kdFWQQWTckus/eea51ae8-08f3-4885-a5e6-ba2dc4c630be-AG4B4CwNlPFnchs4dOK9usaG3cFuWLwZu14YhiwMK1PJj7dQHZ0hVoqQGRz00DIWGWwnChgLPKfOb4jgVGeeOOeB4Hl8T2pvwaC/Screenshot_20260514-132136_Gallery.jpg | AQ85: 2 | AR85: 0 | AS85: 1 | AT85: 0 | AU85: 1 | AV85: 0 | AW85: 0 | AX85: 0 | AY85: 1 | AZ85: 7000000 | BA85: 0 | BC85: 0 | BE85: 0 | BG85: M. Eko wahyudi, Abdul Ramadhan annasrullah, Supinah | BH85: SRI SUTARMI | BI85: None | BJ85: https://build.fillout.com/editor/kdFWQQWTckus/results?sessionId=70f7b5a5-16f4-4e29-8810-96b3051b9243 | BK85: 91d22f4714f303157d11716cb9588443
A86: 4e0f407b-a288-4bf2-b236-0407f83ae727 | B86: Thu May 14 2026 14:09:00 GMT+0700 (Western Indonesia Time) | C86: Thu May 14 2026 12:24:00 GMT+0700 (Western Indonesia Time) | D86: finished | E86: Ending | F86: 105 | G86: 2026-05-14 | H86: WAHYUNI DWI SUSANTI | I86: Amaliyah | J86: 3515030603250003 | K86: https://prod-fillout-oregon-s3.s3.us-west-2.amazonaws.com/orgid-431168/flowpublicid-kdFWQQWTckus/81d4b2f2-2dcd-46ab-a2e2-97b3c105fbcc-OMuMikmYWkeGpVocuFpGUoYUskN1h3kumK0vc10NYO03cleK0Ur1eO4BUdq7YHYt9OQETwi1SJ4QstJ3XIZZRTNu8gWlNrF7aCQ/Screenshot_20260513_171657_CamScanner.jpg | L86: Amaliyah | M86: Waung | N86: RT 005 RW 003 | O86: 1 | Q86: 1 | R86: 1 | S86: 1 | U86: 50 | V86: 2 | W86: 1 | X86: 1 | Y86: 1 | Z86: 2 | AA86: 1 | AB86: 1 | AC86: 1 | AD86: 1 | AE86: 7 | AF86: 1 | AG86: 1 | AH86: 2 | AL86: 125000 | AM86: 150000 | AN86: https://prod-fillout-oregon-s3.s3.us-west-2.amazonaws.com/orgid-431168/flowpublicid-kdFWQQWTckus/7acbe07f-f05c-4902-a514-b4e5345650a6-tbtjeiIi2cV66CtFvzDTbbNLWlVlJfbQf9khDltBjrIGYojll5yvgrSqCHldDFLgFOsRxnFoQzx9HaSUXNb3UphOqi92GMbGEga/1001031285.jpg | AO86: https://prod-fillout-oregon-s3.s3.us-west-2.amazonaws.com/orgid-431168/flowpublicid-kdFWQQWTckus/e24faf82-ba58-4e8f-acb8-47d6c6fc5a73-XGCtzGjQsWtAGXoEd2B03RUQ1uhBqGZjAo82bTZd6kCroM0a1atHmWW41lSHmwtormRDZUYhp3BAC6SgTWhnW7l9TSnOMqK25sV/1001031286.jpg | AP86: https://prod-fillout-oregon-s3.s3.us-west-2.amazonaws.com/orgid-431168/flowpublicid-kdFWQQWTckus/5e097ee5-c0ae-4f0c-936d-32fef5fa8afe-9SWnU3NkV9NS3m5U5EgdIakZU6YlWtLMHeJeWojUNOOPDdsmIl9ByQD1q1pOvKTfFLUt2ZHVptHe0r2OfgNfdj9aPjWPMVqKkdi/1001031288.jpg | AQ86: 2 | AR86: 0 | AS86: 1 | AT86: 0 | AU86: 2 | AV86: 1 | AW86: 1 | AX86: 0 | AY86: 1 | AZ86: 7000000 | BA86: 0 | BC86: 0 | BE86: 0 | BG86: Amaliyah, Mochammad Mirza Afila Akbar, Mistun | BH86: WAHYUNI DWI SUSANTI | BI86: None | BJ86: https://build.fillout.com/editor/kdFWQQWTckus/results?sessionId=4e0f407b-a288-4bf2-b236-0407f83ae727 | BK86: e2e09caa8dce38633385a5c792cea6ab
A87: fea09557-c08e-48de-b6bb-a5e1a34499ad | B87: Thu May 14 2026 15:02:00 GMT+0700 (Western Indonesia Time) | C87: Thu May 14 2026 14:10:00 GMT+0700 (Western Indonesia Time) | D87: finished | E87: Ending | F87: 105 | G87: 2026-05-14 | H87: WAHYUNI DWI SUSANTI | I87: Suswoyo | J87: 3515032203180002 | K87: https://prod-fillout-oregon-s3.s3.us-west-2.amazonaws.com/orgid-431168/flowpublicid-kdFWQQWTckus/ea1f399e-a75e-412b-ae33-39406e0fff46-EuDQLV9TY77vmtmmf23aZEt2z7KH7EbVls7d4Ord0FUbZV95799qmAr3DK3KsJdfgL4Az4vILCZt6heDRxoobgIqMOLjUgOGe6F/Screenshot_20260514_141436_CamScanner.jpg | L87: Sri Sulistyo Utami | M87: Waung | N87: RT 005 RW 003 | O87: 1 | Q87: 1 | R87: 1 | S87: 1 | U87: 80 | V87: 2 | W87: 1 | X87: 1 | Y87: 1 | Z87: 2 | AA87: 1 | AB87: 1 | AC87: 1 | AD87: 1 | AE87: 1 | AF87: 1 | AG87: 1 | AH87: 3 | AL87: 250000 | AM87: 130000 | AN87: https://prod-fillout-oregon-s3.s3.us-west-2.amazonaws.com/orgid-431168/flowpublicid-kdFWQQWTckus/6732d1bc-2f04-4a4f-a876-7e56d9a2a7d3-Lx0YTX0fADYIW5qsdXaWVlLPgWNb0BbhKPDAPc3jyPFLUWvUXCb995RmXiJNzQtyYvr9paBxQLGZyhpsbYK00REq2n6SjesPsP5/1001033109.jpg | AO87: https://prod-fillout-oregon-s3.s3.us-west-2.amazonaws.com/orgid-431168/flowpublicid-kdFWQQWTckus/f22d406f-28c0-4c76-b6bb-cbf97a2d6d36-aqmnDY9CrvnhQqfwLWKcBYrWFAmtxXTWP9wzxFfh4Lb4QeYy19ND5DnAggnISrVumWNy8tX3NP9nIjbxRPY2tInaxQ6WOwEtFKe/1001032664.jpg | AP87: https://prod-fillout-oregon-s3.s3.us-west-2.amazonaws.com/orgid-431168/flowpublicid-kdFWQQWTckus/e364aea7-4643-451f-972e-0604f964f878-vseI8AfY3xOL5SazzzoKu5cu8QmqKO08ciYQcygAUbVLHzqEpZv4kq4I2if1tMKV5Wsej791GVRJUWoacsfEKIrX3fFFHl1eNyr/1001032665.jpg | AQ87: 2 | AR87: 0 | AS87: 1 | AT87: 0 | AU87: 0 | AV87: 0 | AW87: 1 | AX87: 0 | AY87: 2 | AZ87: 11000000 | BA87: 0 | BC87: 0 | BE87: 0 | BG87: Suswoyo, Sri Sulistyo Utami, Afra' Fadilah Balqis, Muhammad Bisma Alfaridzi | BH87: WAHYUNI DWI SUSANTI | BI87: None | BJ87: https://build.fillout.com/editor/kdFWQQWTckus/results?sessionId=fea09557-c08e-48de-b6bb-a5e1a34499ad | BK87: e2e09caa8dce38633385a5c792cea6ab
A88: 6881f58c-7638-4156-8489-f9c5e5338bf2 | B88: Thu May 14 2026 15:20:00 GMT+0700 (Western Indonesia Time) | C88: Thu May 14 2026 14:58:00 GMT+0700 (Western Indonesia Time) | D88: finished | E88: Ending | F88: 110 | G88: 2026-05-14 | H88: NURUL AKHADIAH | I88: Edi Subagio | J88: 3515031001093571 | K88: https://prod-fillout-oregon-s3.s3.us-west-2.amazonaws.com/orgid-431168/flowpublicid-kdFWQQWTckus/aea5d792-b6e7-44af-929f-9c65c5361017-4TxTsCTpDaFCzBUVpg8ps82CIJOlt65lD3YBbdKpqMIJWNsFI2OWcAHr1ITATDZRyx9NRTCWFXoNhHrV0TOkQZRKdyBohtnY2Bf/KK-Arifah.jpg | L88: Sumiati | M88: Desa Waung | N88: RT 010 RW 005 | O88: 1 | Q88: 1 | R88: 1 | S88: 1 | U88: 75 | V88: 2 | W88: 1 | X88: 1 | Y88: 1 | Z88: 2 | AA88: 1 | AB88: 1 | AC88: 1 | AD88: 1 | AE88: 2 | AF88: 1 | AG88: 1 | AH88: 2 | AL88: 110 | AM88: 50 | AN88: https://prod-fillout-oregon-s3.s3.us-west-2.amazonaws.com/orgid-431168/flowpublicid-kdFWQQWTckus/b8279a2e-4a8f-47e1-96ca-892aa55c7d84-mFPxg4a1Xvvs2ADwWPj8ssZOfAfxbpTD10QnkyYCTpg3Uae8iPJrdDqeNSEVqgetpfN7eNSA3AQvPsSzQqerog5QEhYuY9kGL35/1000783551.jpg | AO88: https://prod-fillout-oregon-s3.s3.us-west-2.amazonaws.com/orgid-431168/flowpublicid-kdFWQQWTckus/8ae29496-d4fc-48ea-8a78-e1f547b5328b-TwIPMNZealyj9ej5NjclIUjrZvhLwy8owNXxQkAaFhhZscNL8k4XUEqdiyKV4wRpNOrPpzWGzOX4QQtiHLhRdt3aCx56GI2ySLz/1000782750.jpg | AP88: https://prod-fillout-oregon-s3.s3.us-west-2.amazonaws.com/orgid-431168/flowpublicid-kdFWQQWTckus/5bfa655c-10d5-4959-85e4-8dccf0281ef3-9fsK62TGOrLf8dUA6bvbOVxFfjz9F4oZjFxL3PLc2tAU9C7wK4NvAvcbD2PY4d9g0dTCDeYD4kcIIcPtZYmFL4pK3jRcjNJANID/1000781247.jpg | AQ88: 1 | AR88: 0 | AS88: 1 | AT88: 0 | AU88: 2 | AV88: 0 | AW88: 1 | AX88: 0 | AY88: 2 | AZ88: 15000000 | BA88: 0 | BC88: 0 | BE88: 0 | BG88: Edi Subagio, Sumiati, Fitriah, Siti Arifah, Rahmat Faisal Hidayat | BH88: NURUL AKHADIAH | BI88: None | BJ88: https://build.fillout.com/editor/kdFWQQWTckus/results?sessionId=6881f58c-7638-4156-8489-f9c5e5338bf2 | BK88: 91d22f4714f303157d11716cb9588443
A89: b6e0063c-90b8-4f1c-be51-7ab07374de48 | B89: Thu May 14 2026 15:38:00 GMT+0700 (Western Indonesia Time) | C89: Thu May 14 2026 15:08:00 GMT+0700 (Western Indonesia Time) | D89: finished | E89: Ending | F89: 105 | G89: 2026-05-14 | H89: WAHYUNI DWI SUSANTI | I89: Rusniwati | J89: 3515031001093400 | K89: https://prod-fillout-oregon-s3.s3.us-west-2.amazonaws.com/orgid-431168/flowpublicid-kdFWQQWTckus/38aafb50-98ae-46aa-aa73-a0a0b119a2d2-XjOZ3tS4chbFIru4SLQ1ao8DA4c14J2lqqQsZ19c55letGMknn7AKpkdB00OLtyKr3DGVZCvpkKnZJcD8Dx4rN7DWjKfTZd0HyE/Screenshot_20260514_151016_CamScanner.jpg | L89: Rusniwati | M89: Waung | N89: RT 005 RW 003 | O89: 1 | Q89: 2 | R89: 1 | S89: 1 | U89: 75 | V89: 2 | W89: 1 | X89: 1 | Y89: 1 | Z89: 2 | AA89: 1 | AB89: 1 | AC89: 1 | AD89: 1 | AE89: 1 | AF89: 2 | AL89: 0 | AM89: 0 | AN89: https://prod-fillout-oregon-s3.s3.us-west-2.amazonaws.com/orgid-431168/flowpublicid-kdFWQQWTckus/3d9d2478-0543-4c6e-bd77-7c0e76e8ab10-3Gdb2TpCWfUQTg5tPuq4waFwQlfQwYoCLvxjF7QouAAeXNH9PBZqR3GwlXPcNppRP1NiEh0EO1LC9IuGEpnENh1r3JXXRI9aDxl/1001033168.jpg | AO89: https://prod-fillout-oregon-s3.s3.us-west-2.amazonaws.com/orgid-431168/flowpublicid-kdFWQQWTckus/7edf027a-0313-4ad4-a4af-b8dee8d0aecb-O5hsTL0KXzPCcaBcaWWL0AIJZA2D1z50qVzdBs37NgeUGTYD8CR5qsg8DWizvtawDfhLz2ts6rnlzNlFR4m6NYLGSzCwi52loYV/1001032666.jpg | AP89: https://prod-fillout-oregon-s3.s3.us-west-2.amazonaws.com/orgid-431168/flowpublicid-kdFWQQWTckus/8fee36ed-de99-4d0b-b2e8-fb6149e6a311-gi5DgSfnoTulJ29g4UHON6bIVfX3YPjbiaj9Epzr8WXWrB3KRAyENn4DL2OWWL3IP9EOH8B8GnFPOba0PHmZcsjwRSbcsBd50VE/1001031432.jpg | AQ89: 1 | AR89: 0 | AS89: 1 | AT89: 0 | AU89: 10 | AV89: 0 | AW89: 2 | AX89: 0 | AY89: 0 | BA89: 0 | BC89: 0 | BE89: 0 | BG89: Rusniwati | BH89: WAHYUNI DWI SUSANTI | BI89: None | BJ89: https://build.fillout.com/editor/kdFWQQWTckus/results?sessionId=b6e0063c-90b8-4f1c-be51-7ab07374de48 | BK89: e2e09caa8dce38633385a5c792cea6ab
A90: 3612de99-cf8a-44c9-8e9a-21ff994a3c56 | B90: Thu May 14 2026 16:05:00 GMT+0700 (Western Indonesia Time) | C90: Thu May 14 2026 15:48:00 GMT+0700 (Western Indonesia Time) | D90: finished | E90: Ending | F90: 110 | G90: 2026-05-14 | H90: NURUL AKHADIAH | I90: Jumaidah | J90: 3515031001093565 | K90: https://prod-fillout-oregon-s3.s3.us-west-2.amazonaws.com/orgid-431168/flowpublicid-kdFWQQWTckus/d6000b80-156b-4283-ad50-f5613a2374cb-XlZHpk7SA2tPMF4QyIxpQaH16mXOTTE0QfOY8bMe1Op1cZSS6iyWlZnqs2XSWQ6JfvBUNzRwlRwvzlLNCsyoBxMUOt8Yy0ymeq4/KK-jum.jpg | L90: Jumaidah | M90: Desa Waung | N90: RT 010 RW 005 | O90: 1 | Q90: 2 | R90: 1 | S90: 1 | U90: 75 | V90: 2 | W90: 1 | X90: 1 | Y90: 1 | Z90: 4 | AA90: 1 | AB90: 1 | AC90: 1 | AD90: 1 | AE90: 7 | AF90: 1 | AG90: 1 | AH90: 2 | AL90: 0 | AM90: 0 | AN90: https://prod-fillout-oregon-s3.s3.us-west-2.amazonaws.com/orgid-431168/flowpublicid-kdFWQQWTckus/1e3bc93e-af04-4660-a84b-ce75fe8ac2c9-4iqN81qFeWDXrSWMeIUpMHlHLffgeXuVul2ByWiVMJxyOlrChUU1MYDv4YbFFPbMfEqDb9oFaUAMNVjyJijhffa34GZs65paJe7/IMG-20260514-WA0008.jpg | AO90: https://prod-fillout-oregon-s3.s3.us-west-2.amazonaws.com/orgid-431168/flowpublicid-kdFWQQWTckus/ac29f654-2806-4e7d-ad50-19858a09823a-gWmpprSSc6K8a8ea5C6oQpeYTxVnbvcAmezGcMdOKI9ROjzsjs6nzULUbkFG9KytMZJeKY3meqxKkt393YmUKSBs448xy3QPWtb/IMG-20260514-WA0006.jpg | AP90: https://prod-fillout-oregon-s3.s3.us-west-2.amazonaws.com/orgid-431168/flowpublicid-kdFWQQWTckus/b76a5066-d3c5-4e77-8bac-5cd1d36306d8-E73dGJZyVC16fMnQCeYNlDf83WYKO61S8sbZI0mghgtpL5iuaxb9qcoUVNewQwzKgo509GxmT1sWD15yjqt2Vi9I6raXbpwPc53/IMG-20260514-WA0007.jpg | AQ90: 0 | AR90: 0 | AS90: 0 | AT90: 0 | AU90: 0 | AV90: 0 | AW90: 0 | AX90: 0 | AY90: 0 | BA90: 0 | BC90: 0 | BE90: 0 | BG90: Jumaidah | BH90: NURUL AKHADIAH | BI90: None | BJ90: https://build.fillout.com/editor/kdFWQQWTckus/results?sessionId=3612de99-cf8a-44c9-8e9a-21ff994a3c56 | BK90: 91d22f4714f303157d11716cb9588443
A91: e49e6037-45b3-49c8-abc3-927646ec2186 | B91: Thu May 14 2026 16:29:00 GMT+0700 (Western Indonesia Time) | C91: Thu May 14 2026 16:06:00 GMT+0700 (Western Indonesia Time) | D91: finished | E91: Ending | F91: 110 | G91: 2026-05-14 | H91: NURUL AKHADIAH | I91: Mochamad Taufan Darmawan | J91: 3515030404240003 | K91: https://prod-fillout-oregon-s3.s3.us-west-2.amazonaws.com/orgid-431168/flowpublicid-kdFWQQWTckus/612090ed-d8b0-4e19-8a77-d46c179274eb-m1qvbm4BQdP89j0ca6yKtW8xpimAkf8Q01pMVQYUB6e3tZnSlCHFXFhnIvuFTaM98flQ6NWa55g0aHzLC64nTbptgAC1cEpDmKj/IMG-20260514-WA0002.jpg | L91: Kiki Umil | M91: Desa Waung | N91: RT 010 RW 005 | O91: 1 | Q91: 2 | R91: 3 | U91: 75 | V91: 2 | W91: 1 | X91: 1 | Y91: 1 | Z91: 4 | AA91: 1 | AB91: 1 | AC91: 1 | AD91: 1 | AE91: 7 | AF91: 1 | AG91: 1 | AH91: 2 | AL91: 100 | AM91: 50 | AN91: https://prod-fillout-oregon-s3.s3.us-west-2.amazonaws.com/orgid-431168/flowpublicid-kdFWQQWTckus/5fed7642-7574-416f-be60-5d737dd95630-IdQH2mha3nKgQoVNfdDLZWXSwtMRT3mxpbSXeZAWIBrL5tnjiLFnwp8VG5OzesCxb64svz6k2tu2Os6d3L5tS7u7jdNzK66lNtc/IMG-20260514-WA0008.jpg | AO91: https://prod-fillout-oregon-s3.s3.us-west-2.amazonaws.com/orgid-431168/flowpublicid-kdFWQQWTckus/341bcf6e-fad7-42d2-8a05-d2077bfdb977-5BY1GFFOgUI63fspMNV1OPFZajlJp4eU80pECjM13LodGelAbZnrsBQla056E3gVO55w37KKTTqlXlo0X7SUbASBVk7I4mxvY5G/IMG-20260514-WA0006.jpg | AP91: https://prod-fillout-oregon-s3.s3.us-west-2.amazonaws.com/orgid-431168/flowpublicid-kdFWQQWTckus/158102d1-35be-4516-a290-794868407037-vileIc7PWWw3IDJyRJSIBpIFQeXoAcFxhstxhuAlvhALO48Me3KsfT565x9sBl0YX5Ci924RWUFkO2i6nbREenXwNYQZwJ45HLw/IMG-20260514-WA0007.jpg | AQ91: 1 | AR91: 0 | AS91: 1 | AT91: 0 | AU91: 0 | AV91: 0 | AW91: 0 | AX91: 0 | AY91: 1 | AZ91: 6000000 | BA91: 0 | BC91: 0 | BE91: 0 | BG91: Mochamad Taufan Darmawan, Kiki Umil Fadilah, Ahmad Azraqi Darmawan | BH91: NURUL AKHADIAH | BI91: None | BJ91: https://build.fillout.com/editor/kdFWQQWTckus/results?sessionId=e49e6037-45b3-49c8-abc3-927646ec2186 | BK91: 91d22f4714f303157d11716cb9588443
A92: 97d7b9f0-e167-49d9-9abe-b4ca1ccf2c5d | B92: Thu May 14 2026 16:30:00 GMT+0700 (Western Indonesia Time) | C92: Thu May 14 2026 15:38:00 GMT+0700 (Western Indonesia Time) | D92: finished | E92: Ending | F92: 105 | G92: 2026-05-14 | H92: WAHYUNI DWI SUSANTI | I92: Devita Yuliana Rusmitasari | J92: 3515032102180001 | K92: https://prod-fillout-oregon-s3.s3.us-west-2.amazonaws.com/orgid-431168/flowpublicid-kdFWQQWTckus/ac1a1996-1b0e-4d60-856e-ea2eea7acb5a-SZNVFE3o3R0jYZPhdRnuNtecxglp5u93LDww93QIx1v9eIe9cWui5qszWFLQJrblcHXFnLK0V8ocijYs1huZkiD1pTUBdBIbb5C/Screenshot_20260514_151155_CamScanner.jpg | L92: Devita Yuliana Rusmitasari | M92: Waung Utara | N92: RT 005 RW 003 | O92: 2 | P92: Waung Rt 003 Rw 002 | Q92: 2 | R92: 3 | U92: 75 | V92: 2 | W92: 1 | X92: 1 | Y92: 1 | Z92: 2 | AA92: 1 | AB92: 1 | AC92: 1 | AD92: 1 | AE92: 1 | AF92: 1 | AG92: 1 | AH92: 3 | AL92: 900000 | AM92: 400000 | AN92: https://prod-fillout-oregon-s3.s3.us-west-2.amazonaws.com/orgid-431168/flowpublicid-kdFWQQWTckus/8c224dbe-ab93-4be1-91a5-7af01bebf05e-f8oVNTkLlPa8pssBIw1ljS97gRZmKJgdq16rNB3Rk6Vs3UwBMW669GfKpe8q2ChC2LlMsHiKJuspDiiSethyDH9Vtkiej8gymiz/1001033168.jpg | AO92: https://prod-fillout-oregon-s3.s3.us-west-2.amazonaws.com/orgid-431168/flowpublicid-kdFWQQWTckus/2caec8f5-fb63-40fe-b7e0-2818fa148130-GxOLoKFdNd8RUBi1YHdRAa6RXuVWvaOAnQ0k3QWu2Hk2Cj2JrLP3QnDOPBQrMCBe37qUj45X7VsWQCZpPCYt3tBGnFthR5wfFFY/1001032666.jpg | AP92: https://prod-fillout-oregon-s3.s3.us-west-2.amazonaws.com/orgid-431168/flowpublicid-kdFWQQWTckus/024055b4-a40b-411d-a197-f82ced223208-scAhUej3Xy8iiPg1uEpmxVRIozqkvynhTuOIiYIWcYN0htgsmYHl0cWqd4sC2NGFVcPllCuEo57GvtYXLtq5OC3JQV1x6niMoqg/1001031432.jpg | AQ92: 3 | AR92: 0 | AS92: 1 | AT92: 2 | AU92: 10 | AV92: 1 | AW92: 1 | AX92: 0 | AY92: 2 | AZ92: 35000000 | BA92: 0 | BC92: 0 | BE92: 1 | BF92: 300000000 | BG92: Devita Yuliana Rusmitasari, Azril Mufid Alfarizqi, Adzra Aldifa Alfathunissa | BH92: WAHYUNI DWI SUSANTI | BI92: None | BJ92: https://build.fillout.com/editor/kdFWQQWTckus/results?sessionId=97d7b9f0-e167-49d9-9abe-b4ca1ccf2c5d | BK92: e2e09caa8dce38633385a5c792cea6ab
A93: b418410e-7025-4935-92ea-16f36fb17953 | B93: Thu May 14 2026 18:37:00 GMT+0700 (Western Indonesia Time) | C93: Thu May 14 2026 18:21:00 GMT+0700 (Western Indonesia Time) | D93: finished | E93: Ending | F93: 102 | G93: 2026-05-14 | H93: WIWIK INDARTI | I93: Dwi suprapto | J93: 3515032309150006 | K93: https://prod-fillout-oregon-s3.s3.us-west-2.amazonaws.com/orgid-431168/flowpublicid-kdFWQQWTckus/dd6dd271-f27c-40c4-99b6-a147c3c1c0b8-LK0FpjHSq9BdUB3Rkf6orENrmqOxHL6LWvjJQpDdAGQm48ja0Yaoas8uJbeV57Pd7xjaIdGUv4w3Dr29cWwOqCws9dN4i5PRgDI/32dcebf6-0d86-4b8b-aa02-c04d0b51fd5d.jpg | L93: Lisa Kartikasari | M93: Waung | N93: RT 002 RW 001 | O93: 1 | Q93: 2 | R93: 3 | U93: 60 | V93: 2 | W93: 1 | X93: 1 | Y93: 1 | Z93: 2 | AA93: 1 | AB93: 1 | AC93: 1 | AD93: 1 | AE93: 7 | AF93: 1 | AG93: 1 | AH93: 1 | AL93: 70000 | AM93: 150000 | AN93: https://prod-fillout-oregon-s3.s3.us-west-2.amazonaws.com/orgid-431168/flowpublicid-kdFWQQWTckus/5573c09a-ac6c-4bd0-b932-8bc60a19e26b-olcMjy7sFcx00UneM1vMpLK0IW6PNp4uDmEN1YrIn1swMz8gdlNqWwNswfeV3aS7gKyVhz0JI9nZxndvYL9Mr9dLRuGR0mLKWz7/005df12e-e329-4368-9416-abf9a9002d17.jpg | AO93: https://prod-fillout-oregon-s3.s3.us-west-2.amazonaws.com/orgid-431168/flowpublicid-kdFWQQWTckus/a5883469-0eff-4a0e-9393-ec6031d11d4a-4ois6lRIbWdGtUtit9oS90obSb80Iv7rrQ20CBjBnedAi1zrvGAzMiM7eRZeQu6WtYMw3ooO4iTVgxflzBpnCCAE4L2T7NDnznp/2c385684-6ef6-42c3-97cb-b4121912f67b.jpg | AP93: https://prod-fillout-oregon-s3.s3.us-west-2.amazonaws.com/orgid-431168/flowpublicid-kdFWQQWTckus/05d04471-65a5-44a5-9672-ab339d13faa1-3sctZzJ1ZLVpt65sd5f2dibtGVedbFEhhqkUWyesQDAwtOmoLcZNdUSTyF3NYvH6e3dyKUiBysTC2NIXQ5srUmUMP5yDq34cvAj/db7721c3-f28b-41f5-9ce1-952784a3ff82.jpg | AQ93: 5 | AR93: 0 | AS93: 1 | AT93: 0 | AU93: 10 | AV93: 0 | AW93: 1 | AX93: 0 | AY93: 1 | AZ93: 9000000 | BA93: 1 | BB93: 90000000 | BC93: 0 | BE93: 0 | BG93: Dwi Suprapto, Lisa Kartikasari, Dani Saputra | BH93: WIWIK INDARTI | BI93: None | BJ93: https://build.fillout.com/editor/kdFWQQWTckus/results?sessionId=b418410e-7025-4935-92ea-16f36fb17953 | BK93: cc1d1ff0e578949edf257bb3216531eb
A94: b90b0755-788b-4165-bbc9-70f80d074c5f | B94: Thu May 14 2026 18:47:00 GMT+0700 (Western Indonesia Time) | C94: Thu May 14 2026 18:38:00 GMT+0700 (Western Indonesia Time) | D94: finished | E94: Ending | F94: 102 | G94: 2026-05-14 | H94: WIWIK INDARTI | I94: Sugito | J94: 3515031001093273 | K94: https://prod-fillout-oregon-s3.s3.us-west-2.amazonaws.com/orgid-431168/flowpublicid-kdFWQQWTckus/5a845085-90da-4972-aaa7-e6b9cd2175f7-ITnZmtgypv8UwGs96VK7n2lJjgY0ZROP37GrJRvyjvVNMtuSoqc0xrW2Yc9oUvrvDngfBudJ4NOzYTQ9CElao35Ghh9Y2Ebty01/823f0fb3-5e8d-430b-a0d9-e009ad5f3b0c.jpg | L94: Sugito | M94: Waung | N94: RT 002 RW 001 | O94: 1 | Q94: 2 | R94: 1 | S94: 1 | U94: 30 | V94: 3 | W94: 1 | X94: 1 | Y94: 1 | Z94: 2 | AA94: 1 | AB94: 1 | AC94: 1 | AD94: 1 | AE94: 7 | AF94: 1 | AG94: 1 | AH94: 1 | AL94: 0 | AM94: 50000 | AN94: https://prod-fillout-oregon-s3.s3.us-west-2.amazonaws.com/orgid-431168/flowpublicid-kdFWQQWTckus/0079ef51-0eb7-4e80-bd34-af34e9ab1d96-w7x0GRH742yKNd2aHCU4yZzuNS7ETqKb4VzxiBTDcFIbM9CSTNpliGKL33etgc057WXQVdFFqBaQPjBRrVeTDl5zcxdkM5xYHcb/005df12e-e329-4368-9416-abf9a9002d17.jpg | AO94: https://prod-fillout-oregon-s3.s3.us-west-2.amazonaws.com/orgid-431168/flowpublicid-kdFWQQWTckus/d6ceda09-24e3-4476-b63f-60339669a007-74YWANarhP9prvk4oOjofnUG8qfVbmCg8cVHHqMb6ExtoypGSQEGQjEnEtAzfVG3YS1jASQ09kIKzg8d3RguDPiXciXdItOZZ5o/2c385684-6ef6-42c3-97cb-b4121912f67b.jpg | AP94: https://prod-fillout-oregon-s3.s3.us-west-2.amazonaws.com/orgid-431168/flowpublicid-kdFWQQWTckus/5d6c990b-2b40-420b-8c97-4b97500fa8a5-yAJ5unSTaO9rNcECThpX8aXCDE05E6jztGma6SGMH1uKTtbs6ndQvfbO2HMJw3ZsH1LqsFMENO409z58ttVcgyR5K2uTInSb2fr/db7721c3-f28b-41f5-9ce1-952784a3ff82.jpg | AQ94: 0 | AR94: 0 | AS94: 0 | AT94: 0 | AU94: 0 | AV94: 0 | AW94: 0 | AX94: 0 | AY94: 1 | AZ94: 7000000 | BA94: 0 | BC94: 0 | BE94: 0 | BG94: Sugito | BH94: WIWIK INDARTI | BI94: None | BJ94: https://build.fillout.com/editor/kdFWQQWTckus/results?sessionId=b90b0755-788b-4165-bbc9-70f80d074c5f | BK94: cc1d1ff0e578949edf257bb3216531eb
A95: a59b0673-fb4e-47a9-8f94-2df360b749f6 | B95: Thu May 14 2026 19:05:00 GMT+0700 (Western Indonesia Time) | C95: Thu May 14 2026 18:51:00 GMT+0700 (Western Indonesia Time) | D95: finished | E95: Ending | F95: 106 | G95: 2026-05-14 | H95: SRI SUTARMI | I95: Sri Buanik | J95: 3515030512170007 | K95: https://prod-fillout-oregon-s3.s3.us-west-2.amazonaws.com/orgid-431168/flowpublicid-kdFWQQWTckus/92e6d2e9-863b-4d45-bc5b-f05ed6ff5b6b-h6883c2K8IUXWg4143yAnjTjtesFGyzlemjYT0BO81L1ykCARr1CtBX7YqdXu9EFrP7aDLAolEd9Ifr1jCcLCEHtlguV7ibprRq/Screenshot_20260514-180940_Gallery.jpg | L95: Sri Buanik | M95: Waung | N95: RT 006 RW 003 | O95: 1 | Q95: 1 | R95: 1 | S95: 4 | U95: 60 | V95: 2 | W95: 1 | X95: 1 | Y95: 1 | Z95: 2 | AA95: 1 | AB95: 1 | AC95: 1 | AD95: 1 | AE95: 7 | AF95: 1 | AG95: 1 | AH95: 2 | AL95: 150000 | AM95: 50000 | AN95: https://prod-fillout-oregon-s3.s3.us-west-2.amazonaws.com/orgid-431168/flowpublicid-kdFWQQWTckus/d9d5ca67-0897-4782-962c-275671c79927-T6gB2lbky1PPidn6aKUQThEXO3zRcumYPXm0pvap0myvDWIZgUxQbU0lrI3XME1FMjUr83UkZbDlfVkQOmuA1MCHTmmpUaBC3C0/Screenshot_20260514-180840_Gallery.jpg | AO95: https://prod-fillout-oregon-s3.s3.us-west-2.amazonaws.com/orgid-431168/flowpublicid-kdFWQQWTckus/38d73321-2c1a-4c83-a110-21f058241ff5-YseaOP0OdQYY5fT3X50JdlBidCkaiuYedApOJxdayubsHL6GEXgnqwzPs6ElKkvKbZi8lA78f0WvN1F8kNVKOuKOgITsXcyplBo/Screenshot_20260514-180846_Gallery.jpg | AP95: https://prod-fillout-oregon-s3.s3.us-west-2.amazonaws.com/orgid-431168/flowpublicid-kdFWQQWTckus/0a43fba3-6784-4f76-a2d1-3eadb1a52f5c-R10cP7s5FDDdWsC1Fdb05Rmi9deOvHN2A8WrZTyHOk5uIIPTSy1MlJDj8QAXumIrnSLHUpLddiYUh7r9tA3bMYzpxKw19TBvp96/Screenshot_20260514-180853_Gallery.jpg | AQ95: 2 | AR95: 0 | AS95: 1 | AT95: 0 | AU95: 0 | AV95: 0 | AW95: 1 | AX95: 0 | AY95: 1 | AZ95: 10000000 | BA95: 0 | BC95: 0 | BE95: 0 | BG95: Sri Buanik, Dehan bagus Cahyanto | BH95: SRI SUTARMI | BI95: None | BJ95: https://build.fillout.com/editor/kdFWQQWTckus/results?sessionId=a59b0673-fb4e-47a9-8f94-2df360b749f6 | BK95: 91d22f4714f303157d11716cb9588443
A96: 0b25cb7a-f133-4a75-8224-4c3e99a2bb3a | B96: Thu May 14 2026 19:17:00 GMT+0700 (Western Indonesia Time) | C96: Thu May 14 2026 18:57:00 GMT+0700 (Western Indonesia Time) | D96: finished | E96: Ending | F96: 102 | G96: 2026-05-14 | H96: WIWIK INDARTI | I96: Sukilan | J96: 3515031001093278 | K96: https://prod-fillout-oregon-s3.s3.us-west-2.amazonaws.com/orgid-431168/flowpublicid-kdFWQQWTckus/646412a9-c8e8-4da9-8c81-3207f151c1b2-I39ak4IDluxg07K8kSVZTyJoNtCl7rne9XW0VStXwlGzjANfHITecg1BTceB4yUjuD6txZ0VxvKrLRmChCObsIRhQAW4Wc69bBw/bdceb4c7-8710-4123-9900-51150be22500.jpg | L96: Sukilan | M96: Waung | N96: RT 002 RW 001 | O96: 1 | Q96: 1 | R96: 3 | U96: 60 | V96: 4 | W96: 2 | X96: 1 | Y96: 2 | Z96: 2 | AA96: 2 | AB96: 1 | AC96: 1 | AD96: 1 | AE96: 7 | AF96: 1 | AG96: 1 | AH96: 1 | AL96: 50000 | AM96: 0 | AN96: https://prod-fillout-oregon-s3.s3.us-west-2.amazonaws.com/orgid-431168/flowpublicid-kdFWQQWTckus/57d4ec2a-20f6-47f0-8712-db437a5bd601-6UsIoDplfAsj89n5uMhkh9etSE3VqBQlGFTSba2f8aq0eZyLsWDrcTBiBxNxMlkj7AsIsKsfALOoQvYFi6BfUdT7Wim19In0GC7/3dd6b48d-013d-47c3-b1de-05c32e9bec9b.jpg | AO96: https://prod-fillout-oregon-s3.s3.us-west-2.amazonaws.com/orgid-431168/flowpublicid-kdFWQQWTckus/00aa0947-9dde-4370-92a8-43c511c15180-PVCgxuBfuGhsjngq8WizwYeiAqTilCTaWAhbkjV5wDYvUA4NFS8mCTegiTSGL11OGbxL0f4h1DdyvIJXMLU9AWg4AyT9M2Re94f/7ea3a120-7bb5-46d6-b2c9-4d5af96f009d.jpg | AP96: https://prod-fillout-oregon-s3.s3.us-west-2.amazonaws.com/orgid-431168/flowpublicid-kdFWQQWTckus/edbdd04f-2028-42c0-b62c-49e65a3155fc-pbhcv12FJ3x4qpYLPJrebyS4clzFhWBXk0FnOnTPgRgEBQOHmMxR96uhQaal9ZWyTsE45NuamM8KQrvgMQ7JjJfy65L0uHQAtse/8615bb79-bea1-4d25-b577-e859312db976.jpg | AQ96: 1 | AR96: 0 | AS96: 0 | AT96: 0 | AU96: 0 | AV96: 0 | AW96: 1 | AX96: 0 | AY96: 1 | AZ96: 3000000 | BA96: 0 | BC96: 0 | BE96: 0 | BG96: Sukilan | BH96: WIWIK INDARTI | BI96: None | BJ96: https://build.fillout.com/editor/kdFWQQWTckus/results?sessionId=0b25cb7a-f133-4a75-8224-4c3e99a2bb3a | BK96: cc1d1ff0e578949edf257bb3216531eb
A97: 2190237c-ac00-4e4a-8ff1-d7d9252f1601 | B97: Thu May 14 2026 19:19:00 GMT+0700 (Western Indonesia Time) | C97: Thu May 14 2026 19:01:00 GMT+0700 (Western Indonesia Time) | D97: finished | E97: Ending | F97: 104 | G97: 2026-05-14 | H97: SITI AISYAH | I97: Kayatin | J97: 3515031908160001 | K97: https://prod-fillout-oregon-s3.s3.us-west-2.amazonaws.com/orgid-431168/flowpublicid-kdFWQQWTckus/6ee8dce5-124f-4f44-a94f-ca341f362ba4-WUyK8VbPzdZhE3SL8PToZlQasaL7nIZd8cKtJgmg7QUokPtvEB21trRpHqpgAXzkm72QnwpcxhgvzSSigixF2VxfB1MUWKWBUc2/KK-Kayatin.jpg | L97: Kayatin | M97: Waung | N97: RT 004 RW 002 | O97: 1 | Q97: 2 | R97: 1 | S97: 1 | U97: 60 | V97: 2 | W97: 1 | X97: 1 | Y97: 1 | Z97: 2 | AA97: 1 | AB97: 1 | AC97: 1 | AD97: 1 | AE97: 1 | AF97: 1 | AG97: 1 | AH97: 1 | AL97: 0 | AM97: 0 | AN97: https://prod-fillout-oregon-s3.s3.us-west-2.amazonaws.com/orgid-431168/flowpublicid-kdFWQQWTckus/59aee2e2-bf49-4a10-ba2e-0a5e6002d5bc-lZXwxmz95LmZ6KaorhOgPx3ICHwWsAW38pUnljdtrfuM2wqrid2yGVOmAkp9xiM7Xx3uclcBCXlDzyeNaCkwGKDY5SZN9h7csIw/217681.jpg | AO97: https://prod-fillout-oregon-s3.s3.us-west-2.amazonaws.com/orgid-431168/flowpublicid-kdFWQQWTckus/14d9b1a7-2578-4bda-80ea-cf8d15daad7f-MCd8nugnIuLjM6lEiW6zYWZlXLgi5et4z0VKHmBs5eBUA0lhkGX88a5xzSrH7HVvprsC1iJ41XhcFC5UpOvyDNzw3jB9HX9qbQk/217682.jpg | AP97: https://prod-fillout-oregon-s3.s3.us-west-2.amazonaws.com/orgid-431168/flowpublicid-kdFWQQWTckus/62897796-f803-4004-a6fe-691232e3babf-Xv3ScFZTsGjxeI9NHZHDIa08vc6o7xGMA3Sf6DWi29AANq7ynEyGhzxXmxxVOmfL1EJpOeUBhqNyYubQ2LlNef8qihGS8rfxbwe/217683.jpg | AQ97: 0 | AR97: 0 | AS97: 0 | AT97: 0 | AU97: 3 | AV97: 0 | AW97: 0 | AX97: 0 | AY97: 0 | BA97: 0 | BC97: 0 | BE97: 0 | BG97: Kayatin | BH97: SITI AISYAH | BI97: None | BJ97: https://build.fillout.com/editor/kdFWQQWTckus/results?sessionId=2190237c-ac00-4e4a-8ff1-d7d9252f1601 | BK97: 87b2be06fe24b23c1179242f77cbe214
A98: 1531fe96-c965-4caa-a7c4-bb149c6e3b16 | B98: Thu May 14 2026 19:35:00 GMT+0700 (Western Indonesia Time) | C98: Thu May 14 2026 19:09:00 GMT+0700 (Western Indonesia Time) | D98: finished | E98: Ending | F98: 106 | G98: 2026-05-14 | H98: SRI SUTARMI | I98: Iswahyudi | J98: 3515032501097213 | K98: https://prod-fillout-oregon-s3.s3.us-west-2.amazonaws.com/orgid-431168/flowpublicid-kdFWQQWTckus/2fd0319a-60a9-43f4-8998-a7fe44d694c4-kAeDWwACyYMjtTsLf016f5Nm72RX3fBU1koVxOzDxxB9W6LznLSfncYaKZjoz8hqlJMr8dEnlUwgCAWoTMfbn8FOZ8LKrrUVrgE/Screenshot_20260514-190716_Gallery.jpg | L98: Dwi Rachmawati | M98: Waung | N98: RT 006 RW 003 | O98: 1 | Q98: 1 | R98: 1 | S98: 1 | U98: 60 | V98: 2 | W98: 1 | X98: 1 | Y98: 2 | Z98: 2 | AA98: 1 | AB98: 1 | AC98: 1 | AD98: 1 | AE98: 1 | AF98: 1 | AG98: 1 | AH98: 3 | AL98: 250000 | AM98: 250000 | AN98: https://prod-fillout-oregon-s3.s3.us-west-2.amazonaws.com/orgid-431168/flowpublicid-kdFWQQWTckus/513fdb64-92b0-4f95-be84-511152799f4a-Zf8PBo1H6pNNLz0DVeZhSZ8DsiVux0loxhTkmaEtlEJhHLez0wrDrMwsaqo59BEUUoqnuDsdOkADFOMqzQPS01SLQOIZUekPMSN/Screenshot_20260514-190726_Gallery.jpg | AO98: https://prod-fillout-oregon-s3.s3.us-west-2.amazonaws.com/orgid-431168/flowpublicid-kdFWQQWTckus/f400a094-8178-42d0-9eb7-47ea309698cc-VePX9Orjovnc55Zj6YQ2e24NXG6atfGQw0a4RELHy4PSTY9X79oYpX03y7Q0H25TZt6tMpwbpXGbithiByb3eDn6nmGozlde1aZ/Screenshot_20260514-190732_Gallery.jpg | AP98: https://prod-fillout-oregon-s3.s3.us-west-2.amazonaws.com/orgid-431168/flowpublicid-kdFWQQWTckus/f0ee6352-e9d8-458f-848b-e309fff9fb5e-1I02UKeCxtQSZ3Izl2zlq0GpQSkXRtMhwp6SmKpF30yRbGWdsZV3uUJGTL14GBljT7Ympm19nbT9nitVdQoFRmMskNoyk0fYca8/Screenshot_20260514-190738_Gallery.jpg | AQ98: 1 | AR98: 0 | AS98: 1 | AT98: 0 | AU98: 2 | AV98: 1 | AW98: 1 | AX98: 0 | AY98: 3 | AZ98: 25000000 | BA98: 0 | BC98: 0 | BE98: 0 | BG98: Iswahyudi, Dwi rachmawati, Achmad Andra sinatra, Meeta gelbia Assyafa, Arjuna Tri Mahardika | BH98: SRI SUTARMI | BI98: None | BJ98: https://build.fillout.com/editor/kdFWQQWTckus/results?sessionId=1531fe96-c965-4caa-a7c4-bb149c6e3b16 | BK98: 91d22f4714f303157d11716cb9588443
A99: 99d6a1d1-9639-4bfc-b4f5-96df4138e43f | B99: Thu May 14 2026 19:51:00 GMT+0700 (Western Indonesia Time) | C99: Thu May 14 2026 19:20:00 GMT+0700 (Western Indonesia Time) | D99: finished | E99: Ending | F99: 104 | G99: 2026-05-14 | H99: SITI AISYAH | I99: Mochammad Sugianto | J99: 3515032601230002 | K99: https://prod-fillout-oregon-s3.s3.us-west-2.amazonaws.com/orgid-431168/flowpublicid-kdFWQQWTckus/17cdbc22-f1ac-451f-a148-be00620434b1-Oec4fQ0Pa24T7sm6Zvb4l1t7iRERCm55yDBCHBRhUziboasVVlJZFzUUkeyy6Ea7OblVBvk9OVR7uV2PcxrAkcozNKP1xPjjjX3/KK-M-Sugianto.jpg | L99: Mochammad Sugianto | M99: Waung | N99: RT 004 RW 002 | O99: 1 | Q99: 2 | R99: 3 | U99: 60 | V99: 2 | W99: 1 | X99: 1 | Y99: 1 | Z99: 2 | AA99: 1 | AB99: 1 | AC99: 1 | AD99: 1 | AE99: 1 | AF99: 2 | AL99: 75000 | AM99: 250000 | AN99: https://prod-fillout-oregon-s3.s3.us-west-2.amazonaws.com/orgid-431168/flowpublicid-kdFWQQWTckus/f0e27d7a-7bdc-43be-915b-3811bc8572b1-drvAIvgbesuldaVDaoX4fcRxjNDAO8jPSugVgeYV7Tbqa9YUCLTqPt74h1GflBcbJM5lA0E0w7V8xOyTegrFnldCK8WpR6MKfzT/217681.jpg | AO99: https://prod-fillout-oregon-s3.s3.us-west-2.amazonaws.com/orgid-431168/flowpublicid-kdFWQQWTckus/9c7a2af1-a2f9-4822-b27f-51fd9a90d34c-ZBScBwCC2NyVRxPrcHeFxGQODcIQcgR6d1k0WsVod8CBffxVjePp2BYAP5mZWQZsGmxBNniEWkCifXu9qKGv5FSVEXLMkoe1nuk/217682.jpg | AP99: https://prod-fillout-oregon-s3.s3.us-west-2.amazonaws.com/orgid-431168/flowpublicid-kdFWQQWTckus/3718c0c6-c7f2-4ca1-875e-1a08714ce0f7-cZQyacs6ghPzntfYkMafF1TH1eLzAN6SmDKGxQiJVPkFo6IgITQgb4dhKP0P2KX1G64Bt7oEFu3KndoOY5X9xGtz8PuOpIKNjzz/217683.jpg | AQ99: 1 | AR99: 0 | AS99: 1 | AT99: 0 | AU99: 30 | AV99: 0 | AW99: 1 | AX99: 0 | AY99: 2 | AZ99: 19000000 | BA99: 0 | BC99: 0 | BE99: 0 | BG99: Mochammad Sugianto, Wahyu Listyorini, Alina Putri Zahra | BH99: SITI AISYAH | BI99: None | BJ99: https://build.fillout.com/editor/kdFWQQWTckus/results?sessionId=99d6a1d1-9639-4bfc-b4f5-96df4138e43f | BK99: 87b2be06fe24b23c1179242f77cbe214
